piece_name,part_id,num_tokens,split,path
chor001,0,42,train,data/bach-370-chorales/kern/chor001.krn
chor001,1,42,train,data/bach-370-chorales/kern/chor001.krn
chor001,2,42,train,data/bach-370-chorales/kern/chor001.krn
chor001,3,42,train,data/bach-370-chorales/kern/chor001.krn
chor002,0,42,train,data/bach-370-chorales/kern/chor002.krn
chor002,1,42,train,data/bach-370-chorales/kern/chor002.krn
chor002,2,42,train,data/bach-370-chorales/kern/chor002.krn
chor002,3,42,train,data/bach-370-chorales/kern/chor002.krn
chor003,0,42,train,data/bach-370-chorales/kern/chor003.krn
chor003,1,42,train,data/bach-370-chorales/kern/chor003.krn
chor003,2,42,train,data/bach-370-chorales/kern/chor003.krn
chor003,3,42,train,data/bach-370-chorales/kern/chor003.krn
chor004,0,42,train,data/bach-370-chorales/kern/chor004.krn
chor004,1,42,train,data/bach-370-chorales/kern/chor004.krn
chor004,2,42,train,data/bach-370-chorales/kern/chor004.krn
chor004,3,42,train,data/bach-370-chorales/kern/chor004.krn
chor005,0,42,train,data/bach-370-chorales/kern/chor005.krn
chor005,1,42,train,data/bach-370-chorales/kern/chor005.krn
chor005,2,42,train,data/bach-370-chorales/kern/chor005.krn
chor005,3,42,train,data/bach-370-chorales/kern/chor005.krn
chor006,0,27,train,data/bach-370-chorales/kern/chor006.krn
chor006,1,35,train,data/bach-370-chorales/kern/chor006.krn
chor006,2,32,train,data/bach-370-chorales/kern/chor006.krn
chor006,3,35,train,data/bach-370-chorales/kern/chor006.krn
chor007,0,42,train,data/bach-370-chorales/kern/chor007.krn
chor007,1,42,train,data/bach-370-chorales/kern/chor007.krn
chor007,2,42,train,data/bach-370-chorales/kern/chor007.krn
chor007,3,42,train,data/bach-370-chorales/kern/chor007.krn
chor008,0,42,train,data/bach-370-chorales/kern/chor008.krn
chor008,1,42,train,data/bach-370-chorales/kern/chor008.krn
chor008,2,42,train,data/bach-370-chorales/kern/chor008.krn
chor008,3,42,train,data/bach-370-chorales/kern/chor008.krn
chor009,0,42,train,data/bach-370-chorales/kern/chor009.krn
chor009,1,42,train,data/bach-370-chorales/kern/chor009.krn
chor009,2,42,train,data/bach-370-chorales/kern/chor009.krn
chor009,3,42,train,data/bach-370-chorales/kern/chor009.krn
chor010,0,42,train,data/bach-370-chorales/kern/chor010.krn
chor010,1,42,train,data/bach-370-chorales/kern/chor010.krn
chor010,2,42,train,data/bach-370-chorales/kern/chor010.krn
chor010,3,42,train,data/bach-370-chorales/kern/chor010.krn
chor011,0,42,train,data/bach-370-chorales/kern/chor011.krn
chor011,1,42,train,data/bach-370-chorales/kern/chor011.krn
chor011,2,42,train,data/bach-370-chorales/kern/chor011.krn
chor011,3,42,train,data/bach-370-chorales/kern/chor011.krn
chor012,0,33,train,data/bach-370-chorales/kern/chor012.krn
chor012,1,35,train,data/bach-370-chorales/kern/chor012.krn
chor012,2,37,train,data/bach-370-chorales/kern/chor012.krn
chor012,3,42,train,data/bach-370-chorales/kern/chor012.krn
chor013,0,42,train,data/bach-370-chorales/kern/chor013.krn
chor013,1,42,train,data/bach-370-chorales/kern/chor013.krn
chor013,2,42,train,data/bach-370-chorales/kern/chor013.krn
chor013,3,42,train,data/bach-370-chorales/kern/chor013.krn
chor014,0,42,train,data/bach-370-chorales/kern/chor014.krn
chor014,1,42,train,data/bach-370-chorales/kern/chor014.krn
chor014,2,42,train,data/bach-370-chorales/kern/chor014.krn
chor014,3,42,train,data/bach-370-chorales/kern/chor014.krn
chor015,0,42,train,data/bach-370-chorales/kern/chor015.krn
chor015,1,42,train,data/bach-370-chorales/kern/chor015.krn
chor015,2,42,train,data/bach-370-chorales/kern/chor015.krn
chor015,3,42,train,data/bach-370-chorales/kern/chor015.krn
chor016,0,42,train,data/bach-370-chorales/kern/chor016.krn
chor016,1,42,train,data/bach-370-chorales/kern/chor016.krn
chor016,2,42,train,data/bach-370-chorales/kern/chor016.krn
chor016,3,42,train,data/bach-370-chorales/kern/chor016.krn
chor017,0,39,train,data/bach-370-chorales/kern/chor017.krn
chor017,1,42,train,data/bach-370-chorales/kern/chor017.krn
chor017,2,42,train,data/bach-370-chorales/kern/chor017.krn
chor017,3,42,train,data/bach-370-chorales/kern/chor017.krn
chor018,0,42,train,data/bach-370-chorales/kern/chor018.krn
chor018,1,42,train,data/bach-370-chorales/kern/chor018.krn
chor018,2,42,train,data/bach-370-chorales/kern/chor018.krn
chor018,3,42,train,data/bach-370-chorales/kern/chor018.krn
chor019,0,36,train,data/bach-370-chorales/kern/chor019.krn
chor019,1,42,train,data/bach-370-chorales/kern/chor019.krn
chor019,2,42,train,data/bach-370-chorales/kern/chor019.krn
chor019,3,42,train,data/bach-370-chorales/kern/chor019.krn
chor020,0,42,train,data/bach-370-chorales/kern/chor020.krn
chor020,1,42,train,data/bach-370-chorales/kern/chor020.krn
chor020,2,42,train,data/bach-370-chorales/kern/chor020.krn
chor020,3,42,train,data/bach-370-chorales/kern/chor020.krn
chor022,0,42,train,data/bach-370-chorales/kern/chor022.krn
chor022,1,42,train,data/bach-370-chorales/kern/chor022.krn
chor022,2,42,train,data/bach-370-chorales/kern/chor022.krn
chor022,3,42,train,data/bach-370-chorales/kern/chor022.krn
chor023,0,42,train,data/bach-370-chorales/kern/chor023.krn
chor023,1,42,train,data/bach-370-chorales/kern/chor023.krn
chor023,2,42,train,data/bach-370-chorales/kern/chor023.krn
chor023,3,42,train,data/bach-370-chorales/kern/chor023.krn
chor024,0,42,train,data/bach-370-chorales/kern/chor024.krn
chor024,1,42,train,data/bach-370-chorales/kern/chor024.krn
chor024,2,42,train,data/bach-370-chorales/kern/chor024.krn
chor024,3,42,train,data/bach-370-chorales/kern/chor024.krn
chor025,0,42,train,data/bach-370-chorales/kern/chor025.krn
chor025,1,42,train,data/bach-370-chorales/kern/chor025.krn
chor025,2,42,train,data/bach-370-chorales/kern/chor025.krn
chor025,3,42,train,data/bach-370-chorales/kern/chor025.krn
chor026,0,41,train,data/bach-370-chorales/kern/chor026.krn
chor026,1,42,train,data/bach-370-chorales/kern/chor026.krn
chor026,2,42,train,data/bach-370-chorales/kern/chor026.krn
chor026,3,42,train,data/bach-370-chorales/kern/chor026.krn
chor027,0,42,train,data/bach-370-chorales/kern/chor027.krn
chor027,1,41,train,data/bach-370-chorales/kern/chor027.krn
chor027,2,42,train,data/bach-370-chorales/kern/chor027.krn
chor027,3,42,train,data/bach-370-chorales/kern/chor027.krn
chor028,0,33,train,data/bach-370-chorales/kern/chor028.krn
chor028,1,38,train,data/bach-370-chorales/kern/chor028.krn
chor028,2,38,train,data/bach-370-chorales/kern/chor028.krn
chor028,3,41,train,data/bach-370-chorales/kern/chor028.krn
chor029,0,42,train,data/bach-370-chorales/kern/chor029.krn
chor029,1,42,train,data/bach-370-chorales/kern/chor029.krn
chor029,2,42,train,data/bach-370-chorales/kern/chor029.krn
chor029,3,42,train,data/bach-370-chorales/kern/chor029.krn
chor030,0,42,train,data/bach-370-chorales/kern/chor030.krn
chor030,1,42,train,data/bach-370-chorales/kern/chor030.krn
chor030,2,42,train,data/bach-370-chorales/kern/chor030.krn
chor030,3,42,train,data/bach-370-chorales/kern/chor030.krn
chor031,0,42,train,data/bach-370-chorales/kern/chor031.krn
chor031,1,42,train,data/bach-370-chorales/kern/chor031.krn
chor031,2,42,train,data/bach-370-chorales/kern/chor031.krn
chor031,3,42,train,data/bach-370-chorales/kern/chor031.krn
chor032,0,42,train,data/bach-370-chorales/kern/chor032.krn
chor032,1,42,train,data/bach-370-chorales/kern/chor032.krn
chor032,2,42,train,data/bach-370-chorales/kern/chor032.krn
chor032,3,42,train,data/bach-370-chorales/kern/chor032.krn
chor033,0,37,train,data/bach-370-chorales/kern/chor033.krn
chor033,1,42,train,data/bach-370-chorales/kern/chor033.krn
chor033,2,42,train,data/bach-370-chorales/kern/chor033.krn
chor033,3,42,train,data/bach-370-chorales/kern/chor033.krn
chor034,0,42,train,data/bach-370-chorales/kern/chor034.krn
chor034,1,42,train,data/bach-370-chorales/kern/chor034.krn
chor034,2,42,train,data/bach-370-chorales/kern/chor034.krn
chor034,3,42,train,data/bach-370-chorales/kern/chor034.krn
chor037,0,42,train,data/bach-370-chorales/kern/chor037.krn
chor037,1,42,train,data/bach-370-chorales/kern/chor037.krn
chor037,2,42,train,data/bach-370-chorales/kern/chor037.krn
chor037,3,42,train,data/bach-370-chorales/kern/chor037.krn
chor038,0,33,train,data/bach-370-chorales/kern/chor038.krn
chor038,1,40,train,data/bach-370-chorales/kern/chor038.krn
chor038,2,42,train,data/bach-370-chorales/kern/chor038.krn
chor038,3,42,train,data/bach-370-chorales/kern/chor038.krn
chor039,0,42,train,data/bach-370-chorales/kern/chor039.krn
chor039,1,42,train,data/bach-370-chorales/kern/chor039.krn
chor039,2,42,train,data/bach-370-chorales/kern/chor039.krn
chor039,3,42,train,data/bach-370-chorales/kern/chor039.krn
chor040,0,34,train,data/bach-370-chorales/kern/chor040.krn
chor040,1,34,train,data/bach-370-chorales/kern/chor040.krn
chor040,2,38,train,data/bach-370-chorales/kern/chor040.krn
chor040,3,36,train,data/bach-370-chorales/kern/chor040.krn
chor041,0,42,train,data/bach-370-chorales/kern/chor041.krn
chor041,1,42,train,data/bach-370-chorales/kern/chor041.krn
chor041,2,42,train,data/bach-370-chorales/kern/chor041.krn
chor041,3,42,train,data/bach-370-chorales/kern/chor041.krn
chor042,0,32,train,data/bach-370-chorales/kern/chor042.krn
chor042,1,32,train,data/bach-370-chorales/kern/chor042.krn
chor042,2,33,train,data/bach-370-chorales/kern/chor042.krn
chor042,3,35,train,data/bach-370-chorales/kern/chor042.krn
chor043,0,42,train,data/bach-370-chorales/kern/chor043.krn
chor043,1,42,train,data/bach-370-chorales/kern/chor043.krn
chor043,2,42,train,data/bach-370-chorales/kern/chor043.krn
chor043,3,42,train,data/bach-370-chorales/kern/chor043.krn
chor044,0,33,train,data/bach-370-chorales/kern/chor044.krn
chor044,1,40,train,data/bach-370-chorales/kern/chor044.krn
chor044,2,40,train,data/bach-370-chorales/kern/chor044.krn
chor044,3,42,train,data/bach-370-chorales/kern/chor044.krn
chor045,0,42,train,data/bach-370-chorales/kern/chor045.krn
chor045,1,42,train,data/bach-370-chorales/kern/chor045.krn
chor045,2,42,train,data/bach-370-chorales/kern/chor045.krn
chor045,3,42,train,data/bach-370-chorales/kern/chor045.krn
chor046,0,37,train,data/bach-370-chorales/kern/chor046.krn
chor046,1,42,train,data/bach-370-chorales/kern/chor046.krn
chor046,2,42,train,data/bach-370-chorales/kern/chor046.krn
chor046,3,42,train,data/bach-370-chorales/kern/chor046.krn
chor047,0,42,train,data/bach-370-chorales/kern/chor047.krn
chor047,1,42,train,data/bach-370-chorales/kern/chor047.krn
chor047,2,42,train,data/bach-370-chorales/kern/chor047.krn
chor047,3,42,train,data/bach-370-chorales/kern/chor047.krn
chor049,0,42,train,data/bach-370-chorales/kern/chor049.krn
chor049,1,42,train,data/bach-370-chorales/kern/chor049.krn
chor049,2,42,train,data/bach-370-chorales/kern/chor049.krn
chor049,3,42,train,data/bach-370-chorales/kern/chor049.krn
chor050,0,42,train,data/bach-370-chorales/kern/chor050.krn
chor050,1,42,train,data/bach-370-chorales/kern/chor050.krn
chor050,2,42,train,data/bach-370-chorales/kern/chor050.krn
chor050,3,42,train,data/bach-370-chorales/kern/chor050.krn
chor051,0,42,train,data/bach-370-chorales/kern/chor051.krn
chor051,1,42,train,data/bach-370-chorales/kern/chor051.krn
chor051,2,42,train,data/bach-370-chorales/kern/chor051.krn
chor051,3,42,train,data/bach-370-chorales/kern/chor051.krn
chor053,0,38,train,data/bach-370-chorales/kern/chor053.krn
chor053,1,38,train,data/bach-370-chorales/kern/chor053.krn
chor053,2,39,train,data/bach-370-chorales/kern/chor053.krn
chor053,3,42,train,data/bach-370-chorales/kern/chor053.krn
chor054,0,42,train,data/bach-370-chorales/kern/chor054.krn
chor054,1,41,train,data/bach-370-chorales/kern/chor054.krn
chor054,2,42,train,data/bach-370-chorales/kern/chor054.krn
chor054,3,42,train,data/bach-370-chorales/kern/chor054.krn
chor055,0,39,train,data/bach-370-chorales/kern/chor055.krn
chor055,1,42,train,data/bach-370-chorales/kern/chor055.krn
chor055,2,42,train,data/bach-370-chorales/kern/chor055.krn
chor055,3,42,train,data/bach-370-chorales/kern/chor055.krn
chor056,0,42,train,data/bach-370-chorales/kern/chor056.krn
chor056,1,42,train,data/bach-370-chorales/kern/chor056.krn
chor056,2,42,train,data/bach-370-chorales/kern/chor056.krn
chor056,3,42,train,data/bach-370-chorales/kern/chor056.krn
chor057,0,31,train,data/bach-370-chorales/kern/chor057.krn
chor057,1,36,train,data/bach-370-chorales/kern/chor057.krn
chor057,2,39,train,data/bach-370-chorales/kern/chor057.krn
chor057,3,33,train,data/bach-370-chorales/kern/chor057.krn
chor058,0,42,train,data/bach-370-chorales/kern/chor058.krn
chor058,1,42,train,data/bach-370-chorales/kern/chor058.krn
chor058,2,42,train,data/bach-370-chorales/kern/chor058.krn
chor058,3,42,train,data/bach-370-chorales/kern/chor058.krn
chor059,0,42,train,data/bach-370-chorales/kern/chor059.krn
chor059,1,42,train,data/bach-370-chorales/kern/chor059.krn
chor059,2,42,train,data/bach-370-chorales/kern/chor059.krn
chor059,3,42,train,data/bach-370-chorales/kern/chor059.krn
chor060,0,42,train,data/bach-370-chorales/kern/chor060.krn
chor060,1,42,train,data/bach-370-chorales/kern/chor060.krn
chor060,2,42,train,data/bach-370-chorales/kern/chor060.krn
chor060,3,42,train,data/bach-370-chorales/kern/chor060.krn
chor061,0,42,train,data/bach-370-chorales/kern/chor061.krn
chor061,1,42,train,data/bach-370-chorales/kern/chor061.krn
chor061,2,42,train,data/bach-370-chorales/kern/chor061.krn
chor061,3,42,train,data/bach-370-chorales/kern/chor061.krn
chor062,0,36,train,data/bach-370-chorales/kern/chor062.krn
chor062,1,41,train,data/bach-370-chorales/kern/chor062.krn
chor062,2,38,train,data/bach-370-chorales/kern/chor062.krn
chor062,3,40,train,data/bach-370-chorales/kern/chor062.krn
chor063,0,42,train,data/bach-370-chorales/kern/chor063.krn
chor063,1,42,train,data/bach-370-chorales/kern/chor063.krn
chor063,2,42,train,data/bach-370-chorales/kern/chor063.krn
chor063,3,42,train,data/bach-370-chorales/kern/chor063.krn
chor064,0,42,train,data/bach-370-chorales/kern/chor064.krn
chor064,1,42,train,data/bach-370-chorales/kern/chor064.krn
chor064,2,42,train,data/bach-370-chorales/kern/chor064.krn
chor064,3,42,train,data/bach-370-chorales/kern/chor064.krn
chor065,0,40,train,data/bach-370-chorales/kern/chor065.krn
chor065,1,42,train,data/bach-370-chorales/kern/chor065.krn
chor065,2,42,train,data/bach-370-chorales/kern/chor065.krn
chor065,3,42,train,data/bach-370-chorales/kern/chor065.krn
chor066,0,42,train,data/bach-370-chorales/kern/chor066.krn
chor066,1,42,train,data/bach-370-chorales/kern/chor066.krn
chor066,2,42,train,data/bach-370-chorales/kern/chor066.krn
chor066,3,42,train,data/bach-370-chorales/kern/chor066.krn
chor067,0,42,train,data/bach-370-chorales/kern/chor067.krn
chor067,1,42,train,data/bach-370-chorales/kern/chor067.krn
chor067,2,42,train,data/bach-370-chorales/kern/chor067.krn
chor067,3,42,train,data/bach-370-chorales/kern/chor067.krn
chor068,0,37,train,data/bach-370-chorales/kern/chor068.krn
chor068,1,42,train,data/bach-370-chorales/kern/chor068.krn
chor068,2,42,train,data/bach-370-chorales/kern/chor068.krn
chor068,3,42,train,data/bach-370-chorales/kern/chor068.krn
chor069,0,42,train,data/bach-370-chorales/kern/chor069.krn
chor069,1,42,train,data/bach-370-chorales/kern/chor069.krn
chor069,2,42,train,data/bach-370-chorales/kern/chor069.krn
chor069,3,42,train,data/bach-370-chorales/kern/chor069.krn
chor070,0,42,train,data/bach-370-chorales/kern/chor070.krn
chor070,1,42,train,data/bach-370-chorales/kern/chor070.krn
chor070,2,42,train,data/bach-370-chorales/kern/chor070.krn
chor070,3,42,train,data/bach-370-chorales/kern/chor070.krn
chor071,0,42,train,data/bach-370-chorales/kern/chor071.krn
chor071,1,42,train,data/bach-370-chorales/kern/chor071.krn
chor071,2,42,train,data/bach-370-chorales/kern/chor071.krn
chor071,3,42,train,data/bach-370-chorales/kern/chor071.krn
chor072,0,38,train,data/bach-370-chorales/kern/chor072.krn
chor072,1,41,train,data/bach-370-chorales/kern/chor072.krn
chor072,2,42,train,data/bach-370-chorales/kern/chor072.krn
chor072,3,41,train,data/bach-370-chorales/kern/chor072.krn
chor073,0,42,train,data/bach-370-chorales/kern/chor073.krn
chor073,1,42,train,data/bach-370-chorales/kern/chor073.krn
chor073,2,42,train,data/bach-370-chorales/kern/chor073.krn
chor073,3,42,train,data/bach-370-chorales/kern/chor073.krn
chor074,0,42,train,data/bach-370-chorales/kern/chor074.krn
chor074,1,42,train,data/bach-370-chorales/kern/chor074.krn
chor074,2,42,train,data/bach-370-chorales/kern/chor074.krn
chor074,3,42,train,data/bach-370-chorales/kern/chor074.krn
chor075,0,40,train,data/bach-370-chorales/kern/chor075.krn
chor075,1,42,train,data/bach-370-chorales/kern/chor075.krn
chor075,2,42,train,data/bach-370-chorales/kern/chor075.krn
chor075,3,42,train,data/bach-370-chorales/kern/chor075.krn
chor076,0,42,train,data/bach-370-chorales/kern/chor076.krn
chor076,1,42,train,data/bach-370-chorales/kern/chor076.krn
chor076,2,42,train,data/bach-370-chorales/kern/chor076.krn
chor076,3,42,train,data/bach-370-chorales/kern/chor076.krn
chor078,0,42,train,data/bach-370-chorales/kern/chor078.krn
chor078,1,42,train,data/bach-370-chorales/kern/chor078.krn
chor078,2,42,train,data/bach-370-chorales/kern/chor078.krn
chor078,3,42,train,data/bach-370-chorales/kern/chor078.krn
chor080,0,42,train,data/bach-370-chorales/kern/chor080.krn
chor080,1,42,train,data/bach-370-chorales/kern/chor080.krn
chor080,2,42,train,data/bach-370-chorales/kern/chor080.krn
chor080,3,42,train,data/bach-370-chorales/kern/chor080.krn
chor081,0,42,train,data/bach-370-chorales/kern/chor081.krn
chor081,1,42,train,data/bach-370-chorales/kern/chor081.krn
chor081,2,42,train,data/bach-370-chorales/kern/chor081.krn
chor081,3,42,train,data/bach-370-chorales/kern/chor081.krn
chor082,0,42,train,data/bach-370-chorales/kern/chor082.krn
chor082,1,42,train,data/bach-370-chorales/kern/chor082.krn
chor082,2,42,train,data/bach-370-chorales/kern/chor082.krn
chor082,3,42,train,data/bach-370-chorales/kern/chor082.krn
chor083,0,42,train,data/bach-370-chorales/kern/chor083.krn
chor083,1,42,train,data/bach-370-chorales/kern/chor083.krn
chor083,2,42,train,data/bach-370-chorales/kern/chor083.krn
chor083,3,42,train,data/bach-370-chorales/kern/chor083.krn
chor084,0,42,train,data/bach-370-chorales/kern/chor084.krn
chor084,1,42,train,data/bach-370-chorales/kern/chor084.krn
chor084,2,42,train,data/bach-370-chorales/kern/chor084.krn
chor084,3,42,train,data/bach-370-chorales/kern/chor084.krn
chor085,0,42,train,data/bach-370-chorales/kern/chor085.krn
chor085,1,42,train,data/bach-370-chorales/kern/chor085.krn
chor085,2,42,train,data/bach-370-chorales/kern/chor085.krn
chor085,3,42,train,data/bach-370-chorales/kern/chor085.krn
chor086,0,42,train,data/bach-370-chorales/kern/chor086.krn
chor086,1,42,train,data/bach-370-chorales/kern/chor086.krn
chor086,2,42,train,data/bach-370-chorales/kern/chor086.krn
chor086,3,42,train,data/bach-370-chorales/kern/chor086.krn
chor088,0,42,train,data/bach-370-chorales/kern/chor088.krn
chor088,1,42,train,data/bach-370-chorales/kern/chor088.krn
chor088,2,42,train,data/bach-370-chorales/kern/chor088.krn
chor088,3,42,train,data/bach-370-chorales/kern/chor088.krn
chor090,0,42,train,data/bach-370-chorales/kern/chor090.krn
chor090,1,39,train,data/bach-370-chorales/kern/chor090.krn
chor090,2,39,train,data/bach-370-chorales/kern/chor090.krn
chor090,3,37,train,data/bach-370-chorales/kern/chor090.krn
chor091,0,42,train,data/bach-370-chorales/kern/chor091.krn
chor091,1,42,train,data/bach-370-chorales/kern/chor091.krn
chor091,2,42,train,data/bach-370-chorales/kern/chor091.krn
chor091,3,42,train,data/bach-370-chorales/kern/chor091.krn
chor093,0,35,train,data/bach-370-chorales/kern/chor093.krn
chor093,1,42,train,data/bach-370-chorales/kern/chor093.krn
chor093,2,40,train,data/bach-370-chorales/kern/chor093.krn
chor093,3,34,train,data/bach-370-chorales/kern/chor093.krn
chor094,0,42,train,data/bach-370-chorales/kern/chor094.krn
chor094,1,42,train,data/bach-370-chorales/kern/chor094.krn
chor094,2,42,train,data/bach-370-chorales/kern/chor094.krn
chor094,3,42,train,data/bach-370-chorales/kern/chor094.krn
chor095,0,42,train,data/bach-370-chorales/kern/chor095.krn
chor095,1,42,train,data/bach-370-chorales/kern/chor095.krn
chor095,2,42,train,data/bach-370-chorales/kern/chor095.krn
chor095,3,42,train,data/bach-370-chorales/kern/chor095.krn
chor096,0,42,train,data/bach-370-chorales/kern/chor096.krn
chor096,1,42,train,data/bach-370-chorales/kern/chor096.krn
chor096,2,42,train,data/bach-370-chorales/kern/chor096.krn
chor096,3,42,train,data/bach-370-chorales/kern/chor096.krn
chor097,0,42,train,data/bach-370-chorales/kern/chor097.krn
chor097,1,42,train,data/bach-370-chorales/kern/chor097.krn
chor097,2,42,train,data/bach-370-chorales/kern/chor097.krn
chor097,3,42,train,data/bach-370-chorales/kern/chor097.krn
chor098,0,42,train,data/bach-370-chorales/kern/chor098.krn
chor098,1,42,train,data/bach-370-chorales/kern/chor098.krn
chor098,2,42,train,data/bach-370-chorales/kern/chor098.krn
chor098,3,42,train,data/bach-370-chorales/kern/chor098.krn
chor100,0,42,train,data/bach-370-chorales/kern/chor100.krn
chor100,1,42,train,data/bach-370-chorales/kern/chor100.krn
chor100,2,42,train,data/bach-370-chorales/kern/chor100.krn
chor100,3,42,train,data/bach-370-chorales/kern/chor100.krn
chor102,0,42,train,data/bach-370-chorales/kern/chor102.krn
chor102,1,42,train,data/bach-370-chorales/kern/chor102.krn
chor102,2,42,train,data/bach-370-chorales/kern/chor102.krn
chor102,3,42,train,data/bach-370-chorales/kern/chor102.krn
chor103,0,42,train,data/bach-370-chorales/kern/chor103.krn
chor103,1,42,train,data/bach-370-chorales/kern/chor103.krn
chor103,2,42,train,data/bach-370-chorales/kern/chor103.krn
chor103,3,42,train,data/bach-370-chorales/kern/chor103.krn
chor104,0,37,train,data/bach-370-chorales/kern/chor104.krn
chor104,1,42,train,data/bach-370-chorales/kern/chor104.krn
chor104,2,42,train,data/bach-370-chorales/kern/chor104.krn
chor104,3,40,train,data/bach-370-chorales/kern/chor104.krn
chor106,0,42,train,data/bach-370-chorales/kern/chor106.krn
chor106,1,42,train,data/bach-370-chorales/kern/chor106.krn
chor106,2,42,train,data/bach-370-chorales/kern/chor106.krn
chor106,3,42,train,data/bach-370-chorales/kern/chor106.krn
chor107,0,42,train,data/bach-370-chorales/kern/chor107.krn
chor107,1,42,train,data/bach-370-chorales/kern/chor107.krn
chor107,2,42,train,data/bach-370-chorales/kern/chor107.krn
chor107,3,42,train,data/bach-370-chorales/kern/chor107.krn
chor108,0,42,train,data/bach-370-chorales/kern/chor108.krn
chor108,1,42,train,data/bach-370-chorales/kern/chor108.krn
chor108,2,42,train,data/bach-370-chorales/kern/chor108.krn
chor108,3,42,train,data/bach-370-chorales/kern/chor108.krn
chor109,0,42,train,data/bach-370-chorales/kern/chor109.krn
chor109,1,42,train,data/bach-370-chorales/kern/chor109.krn
chor109,2,42,train,data/bach-370-chorales/kern/chor109.krn
chor109,3,42,train,data/bach-370-chorales/kern/chor109.krn
chor110,0,42,train,data/bach-370-chorales/kern/chor110.krn
chor110,1,42,train,data/bach-370-chorales/kern/chor110.krn
chor110,2,42,train,data/bach-370-chorales/kern/chor110.krn
chor110,3,42,train,data/bach-370-chorales/kern/chor110.krn
chor111,0,42,train,data/bach-370-chorales/kern/chor111.krn
chor111,1,42,train,data/bach-370-chorales/kern/chor111.krn
chor111,2,42,train,data/bach-370-chorales/kern/chor111.krn
chor111,3,42,train,data/bach-370-chorales/kern/chor111.krn
chor112,0,35,train,data/bach-370-chorales/kern/chor112.krn
chor112,1,37,train,data/bach-370-chorales/kern/chor112.krn
chor112,2,38,train,data/bach-370-chorales/kern/chor112.krn
chor112,3,39,train,data/bach-370-chorales/kern/chor112.krn
chor114,0,42,train,data/bach-370-chorales/kern/chor114.krn
chor114,1,42,train,data/bach-370-chorales/kern/chor114.krn
chor114,2,42,train,data/bach-370-chorales/kern/chor114.krn
chor114,3,42,train,data/bach-370-chorales/kern/chor114.krn
chor115,0,42,train,data/bach-370-chorales/kern/chor115.krn
chor115,1,42,train,data/bach-370-chorales/kern/chor115.krn
chor115,2,42,train,data/bach-370-chorales/kern/chor115.krn
chor115,3,42,train,data/bach-370-chorales/kern/chor115.krn
chor116,0,42,train,data/bach-370-chorales/kern/chor116.krn
chor116,1,42,train,data/bach-370-chorales/kern/chor116.krn
chor116,2,42,train,data/bach-370-chorales/kern/chor116.krn
chor116,3,42,train,data/bach-370-chorales/kern/chor116.krn
chor117,0,42,train,data/bach-370-chorales/kern/chor117.krn
chor117,1,42,train,data/bach-370-chorales/kern/chor117.krn
chor117,2,42,train,data/bach-370-chorales/kern/chor117.krn
chor117,3,42,train,data/bach-370-chorales/kern/chor117.krn
chor118,0,42,train,data/bach-370-chorales/kern/chor118.krn
chor118,1,42,train,data/bach-370-chorales/kern/chor118.krn
chor118,2,42,train,data/bach-370-chorales/kern/chor118.krn
chor118,3,42,train,data/bach-370-chorales/kern/chor118.krn
chor119,0,42,train,data/bach-370-chorales/kern/chor119.krn
chor119,1,42,train,data/bach-370-chorales/kern/chor119.krn
chor119,2,42,train,data/bach-370-chorales/kern/chor119.krn
chor119,3,42,train,data/bach-370-chorales/kern/chor119.krn
chor120,0,42,train,data/bach-370-chorales/kern/chor120.krn
chor120,1,42,train,data/bach-370-chorales/kern/chor120.krn
chor120,2,42,train,data/bach-370-chorales/kern/chor120.krn
chor120,3,42,train,data/bach-370-chorales/kern/chor120.krn
chor121,0,42,train,data/bach-370-chorales/kern/chor121.krn
chor121,1,42,train,data/bach-370-chorales/kern/chor121.krn
chor121,2,42,train,data/bach-370-chorales/kern/chor121.krn
chor121,3,42,train,data/bach-370-chorales/kern/chor121.krn
chor122,0,42,train,data/bach-370-chorales/kern/chor122.krn
chor122,1,42,train,data/bach-370-chorales/kern/chor122.krn
chor122,2,42,train,data/bach-370-chorales/kern/chor122.krn
chor122,3,42,train,data/bach-370-chorales/kern/chor122.krn
chor123,0,42,train,data/bach-370-chorales/kern/chor123.krn
chor123,1,42,train,data/bach-370-chorales/kern/chor123.krn
chor123,2,42,train,data/bach-370-chorales/kern/chor123.krn
chor123,3,42,train,data/bach-370-chorales/kern/chor123.krn
chor124,0,42,train,data/bach-370-chorales/kern/chor124.krn
chor124,1,42,train,data/bach-370-chorales/kern/chor124.krn
chor124,2,42,train,data/bach-370-chorales/kern/chor124.krn
chor124,3,42,train,data/bach-370-chorales/kern/chor124.krn
chor125,0,42,train,data/bach-370-chorales/kern/chor125.krn
chor125,1,42,train,data/bach-370-chorales/kern/chor125.krn
chor125,2,42,train,data/bach-370-chorales/kern/chor125.krn
chor125,3,42,train,data/bach-370-chorales/kern/chor125.krn
chor126,0,42,train,data/bach-370-chorales/kern/chor126.krn
chor126,1,42,train,data/bach-370-chorales/kern/chor126.krn
chor126,2,42,train,data/bach-370-chorales/kern/chor126.krn
chor126,3,42,train,data/bach-370-chorales/kern/chor126.krn
chor127,0,39,train,data/bach-370-chorales/kern/chor127.krn
chor127,1,42,train,data/bach-370-chorales/kern/chor127.krn
chor127,2,42,train,data/bach-370-chorales/kern/chor127.krn
chor127,3,42,train,data/bach-370-chorales/kern/chor127.krn
chor128,0,42,train,data/bach-370-chorales/kern/chor128.krn
chor128,1,42,train,data/bach-370-chorales/kern/chor128.krn
chor128,2,42,train,data/bach-370-chorales/kern/chor128.krn
chor128,3,42,train,data/bach-370-chorales/kern/chor128.krn
chor129,0,42,train,data/bach-370-chorales/kern/chor129.krn
chor129,1,42,train,data/bach-370-chorales/kern/chor129.krn
chor129,2,42,train,data/bach-370-chorales/kern/chor129.krn
chor129,3,42,train,data/bach-370-chorales/kern/chor129.krn
chor130,0,19,train,data/bach-370-chorales/kern/chor130.krn
chor130,1,19,train,data/bach-370-chorales/kern/chor130.krn
chor130,2,19,train,data/bach-370-chorales/kern/chor130.krn
chor130,3,23,train,data/bach-370-chorales/kern/chor130.krn
chor131,0,32,train,data/bach-370-chorales/kern/chor131.krn
chor131,1,40,train,data/bach-370-chorales/kern/chor131.krn
chor131,2,41,train,data/bach-370-chorales/kern/chor131.krn
chor131,3,42,train,data/bach-370-chorales/kern/chor131.krn
chor132,0,42,train,data/bach-370-chorales/kern/chor132.krn
chor132,1,42,train,data/bach-370-chorales/kern/chor132.krn
chor132,2,42,train,data/bach-370-chorales/kern/chor132.krn
chor132,3,42,train,data/bach-370-chorales/kern/chor132.krn
chor133,0,42,train,data/bach-370-chorales/kern/chor133.krn
chor133,1,42,train,data/bach-370-chorales/kern/chor133.krn
chor133,2,42,train,data/bach-370-chorales/kern/chor133.krn
chor133,3,42,train,data/bach-370-chorales/kern/chor133.krn
chor134,0,42,train,data/bach-370-chorales/kern/chor134.krn
chor134,1,42,train,data/bach-370-chorales/kern/chor134.krn
chor134,2,42,train,data/bach-370-chorales/kern/chor134.krn
chor134,3,42,train,data/bach-370-chorales/kern/chor134.krn
chor135,0,42,train,data/bach-370-chorales/kern/chor135.krn
chor135,1,42,train,data/bach-370-chorales/kern/chor135.krn
chor135,2,42,train,data/bach-370-chorales/kern/chor135.krn
chor135,3,42,train,data/bach-370-chorales/kern/chor135.krn
chor136,0,34,train,data/bach-370-chorales/kern/chor136.krn
chor136,1,37,train,data/bach-370-chorales/kern/chor136.krn
chor136,2,38,train,data/bach-370-chorales/kern/chor136.krn
chor136,3,42,train,data/bach-370-chorales/kern/chor136.krn
chor137,0,42,train,data/bach-370-chorales/kern/chor137.krn
chor137,1,42,train,data/bach-370-chorales/kern/chor137.krn
chor137,2,42,train,data/bach-370-chorales/kern/chor137.krn
chor137,3,42,train,data/bach-370-chorales/kern/chor137.krn
chor138,0,38,train,data/bach-370-chorales/kern/chor138.krn
chor138,1,42,train,data/bach-370-chorales/kern/chor138.krn
chor138,2,42,train,data/bach-370-chorales/kern/chor138.krn
chor138,3,42,train,data/bach-370-chorales/kern/chor138.krn
chor139,0,42,train,data/bach-370-chorales/kern/chor139.krn
chor139,1,42,train,data/bach-370-chorales/kern/chor139.krn
chor139,2,42,train,data/bach-370-chorales/kern/chor139.krn
chor139,3,42,train,data/bach-370-chorales/kern/chor139.krn
chor140,0,41,train,data/bach-370-chorales/kern/chor140.krn
chor140,1,42,train,data/bach-370-chorales/kern/chor140.krn
chor140,2,42,train,data/bach-370-chorales/kern/chor140.krn
chor140,3,42,train,data/bach-370-chorales/kern/chor140.krn
chor141,0,38,train,data/bach-370-chorales/kern/chor141.krn
chor141,1,42,train,data/bach-370-chorales/kern/chor141.krn
chor141,2,42,train,data/bach-370-chorales/kern/chor141.krn
chor141,3,42,train,data/bach-370-chorales/kern/chor141.krn
chor142,0,42,train,data/bach-370-chorales/kern/chor142.krn
chor142,1,42,train,data/bach-370-chorales/kern/chor142.krn
chor142,2,42,train,data/bach-370-chorales/kern/chor142.krn
chor142,3,42,train,data/bach-370-chorales/kern/chor142.krn
chor143,0,42,train,data/bach-370-chorales/kern/chor143.krn
chor143,1,42,train,data/bach-370-chorales/kern/chor143.krn
chor143,2,42,train,data/bach-370-chorales/kern/chor143.krn
chor143,3,42,train,data/bach-370-chorales/kern/chor143.krn
chor144,0,42,train,data/bach-370-chorales/kern/chor144.krn
chor144,1,42,train,data/bach-370-chorales/kern/chor144.krn
chor144,2,42,train,data/bach-370-chorales/kern/chor144.krn
chor144,3,42,train,data/bach-370-chorales/kern/chor144.krn
chor145,0,42,train,data/bach-370-chorales/kern/chor145.krn
chor145,1,42,train,data/bach-370-chorales/kern/chor145.krn
chor145,2,42,train,data/bach-370-chorales/kern/chor145.krn
chor145,3,42,train,data/bach-370-chorales/kern/chor145.krn
chor146,0,39,train,data/bach-370-chorales/kern/chor146.krn
chor146,1,42,train,data/bach-370-chorales/kern/chor146.krn
chor146,2,42,train,data/bach-370-chorales/kern/chor146.krn
chor146,3,42,train,data/bach-370-chorales/kern/chor146.krn
chor147,0,42,train,data/bach-370-chorales/kern/chor147.krn
chor147,1,42,train,data/bach-370-chorales/kern/chor147.krn
chor147,2,42,train,data/bach-370-chorales/kern/chor147.krn
chor147,3,42,train,data/bach-370-chorales/kern/chor147.krn
chor148,0,39,train,data/bach-370-chorales/kern/chor148.krn
chor148,1,40,train,data/bach-370-chorales/kern/chor148.krn
chor148,2,39,train,data/bach-370-chorales/kern/chor148.krn
chor148,3,42,train,data/bach-370-chorales/kern/chor148.krn
chor149,0,35,train,data/bach-370-chorales/kern/chor149.krn
chor149,1,31,train,data/bach-370-chorales/kern/chor149.krn
chor149,2,30,train,data/bach-370-chorales/kern/chor149.krn
chor149,3,34,train,data/bach-370-chorales/kern/chor149.krn
chor151,0,29,train,data/bach-370-chorales/kern/chor151.krn
chor151,1,41,train,data/bach-370-chorales/kern/chor151.krn
chor151,2,40,train,data/bach-370-chorales/kern/chor151.krn
chor151,3,42,train,data/bach-370-chorales/kern/chor151.krn
chor152,0,42,train,data/bach-370-chorales/kern/chor152.krn
chor152,1,42,train,data/bach-370-chorales/kern/chor152.krn
chor152,2,42,train,data/bach-370-chorales/kern/chor152.krn
chor152,3,42,train,data/bach-370-chorales/kern/chor152.krn
chor153,0,42,train,data/bach-370-chorales/kern/chor153.krn
chor153,1,42,train,data/bach-370-chorales/kern/chor153.krn
chor153,2,42,train,data/bach-370-chorales/kern/chor153.krn
chor153,3,42,train,data/bach-370-chorales/kern/chor153.krn
chor154,0,32,train,data/bach-370-chorales/kern/chor154.krn
chor154,1,42,train,data/bach-370-chorales/kern/chor154.krn
chor154,2,36,train,data/bach-370-chorales/kern/chor154.krn
chor154,3,38,train,data/bach-370-chorales/kern/chor154.krn
chor155,0,42,train,data/bach-370-chorales/kern/chor155.krn
chor155,1,42,train,data/bach-370-chorales/kern/chor155.krn
chor155,2,42,train,data/bach-370-chorales/kern/chor155.krn
chor155,3,42,train,data/bach-370-chorales/kern/chor155.krn
chor156,0,37,train,data/bach-370-chorales/kern/chor156.krn
chor156,1,40,train,data/bach-370-chorales/kern/chor156.krn
chor156,2,42,train,data/bach-370-chorales/kern/chor156.krn
chor156,3,42,train,data/bach-370-chorales/kern/chor156.krn
chor157,0,34,train,data/bach-370-chorales/kern/chor157.krn
chor157,1,42,train,data/bach-370-chorales/kern/chor157.krn
chor157,2,41,train,data/bach-370-chorales/kern/chor157.krn
chor157,3,42,train,data/bach-370-chorales/kern/chor157.krn
chor158,0,42,train,data/bach-370-chorales/kern/chor158.krn
chor158,1,42,train,data/bach-370-chorales/kern/chor158.krn
chor158,2,42,train,data/bach-370-chorales/kern/chor158.krn
chor158,3,42,train,data/bach-370-chorales/kern/chor158.krn
chor159,0,34,train,data/bach-370-chorales/kern/chor159.krn
chor159,1,42,train,data/bach-370-chorales/kern/chor159.krn
chor159,2,42,train,data/bach-370-chorales/kern/chor159.krn
chor159,3,36,train,data/bach-370-chorales/kern/chor159.krn
chor160,0,37,train,data/bach-370-chorales/kern/chor160.krn
chor160,1,42,train,data/bach-370-chorales/kern/chor160.krn
chor160,2,42,train,data/bach-370-chorales/kern/chor160.krn
chor160,3,42,train,data/bach-370-chorales/kern/chor160.krn
chor161,0,32,train,data/bach-370-chorales/kern/chor161.krn
chor161,1,42,train,data/bach-370-chorales/kern/chor161.krn
chor161,2,42,train,data/bach-370-chorales/kern/chor161.krn
chor161,3,42,train,data/bach-370-chorales/kern/chor161.krn
chor162,0,42,train,data/bach-370-chorales/kern/chor162.krn
chor162,1,42,train,data/bach-370-chorales/kern/chor162.krn
chor162,2,42,train,data/bach-370-chorales/kern/chor162.krn
chor162,3,42,train,data/bach-370-chorales/kern/chor162.krn
chor163,0,35,train,data/bach-370-chorales/kern/chor163.krn
chor163,1,42,train,data/bach-370-chorales/kern/chor163.krn
chor163,2,42,train,data/bach-370-chorales/kern/chor163.krn
chor163,3,42,train,data/bach-370-chorales/kern/chor163.krn
chor165,0,42,train,data/bach-370-chorales/kern/chor165.krn
chor165,1,42,train,data/bach-370-chorales/kern/chor165.krn
chor165,2,42,train,data/bach-370-chorales/kern/chor165.krn
chor165,3,42,train,data/bach-370-chorales/kern/chor165.krn
chor167,0,42,train,data/bach-370-chorales/kern/chor167.krn
chor167,1,42,train,data/bach-370-chorales/kern/chor167.krn
chor167,2,42,train,data/bach-370-chorales/kern/chor167.krn
chor167,3,42,train,data/bach-370-chorales/kern/chor167.krn
chor169,0,42,train,data/bach-370-chorales/kern/chor169.krn
chor169,1,42,train,data/bach-370-chorales/kern/chor169.krn
chor169,2,42,train,data/bach-370-chorales/kern/chor169.krn
chor169,3,42,train,data/bach-370-chorales/kern/chor169.krn
chor170,0,33,train,data/bach-370-chorales/kern/chor170.krn
chor170,1,35,train,data/bach-370-chorales/kern/chor170.krn
chor170,2,39,train,data/bach-370-chorales/kern/chor170.krn
chor170,3,42,train,data/bach-370-chorales/kern/chor170.krn
chor171,0,42,train,data/bach-370-chorales/kern/chor171.krn
chor171,1,42,train,data/bach-370-chorales/kern/chor171.krn
chor171,2,42,train,data/bach-370-chorales/kern/chor171.krn
chor171,3,42,train,data/bach-370-chorales/kern/chor171.krn
chor172,0,42,train,data/bach-370-chorales/kern/chor172.krn
chor172,1,42,train,data/bach-370-chorales/kern/chor172.krn
chor172,2,42,train,data/bach-370-chorales/kern/chor172.krn
chor172,3,42,train,data/bach-370-chorales/kern/chor172.krn
chor173,0,40,train,data/bach-370-chorales/kern/chor173.krn
chor173,1,42,train,data/bach-370-chorales/kern/chor173.krn
chor173,2,42,train,data/bach-370-chorales/kern/chor173.krn
chor173,3,42,train,data/bach-370-chorales/kern/chor173.krn
chor174,0,39,train,data/bach-370-chorales/kern/chor174.krn
chor174,1,42,train,data/bach-370-chorales/kern/chor174.krn
chor174,2,42,train,data/bach-370-chorales/kern/chor174.krn
chor174,3,42,train,data/bach-370-chorales/kern/chor174.krn
chor175,0,30,train,data/bach-370-chorales/kern/chor175.krn
chor175,1,42,train,data/bach-370-chorales/kern/chor175.krn
chor175,2,37,train,data/bach-370-chorales/kern/chor175.krn
chor175,3,42,train,data/bach-370-chorales/kern/chor175.krn
chor176,0,39,train,data/bach-370-chorales/kern/chor176.krn
chor176,1,42,train,data/bach-370-chorales/kern/chor176.krn
chor176,2,42,train,data/bach-370-chorales/kern/chor176.krn
chor176,3,42,train,data/bach-370-chorales/kern/chor176.krn
chor177,0,39,train,data/bach-370-chorales/kern/chor177.krn
chor177,1,39,train,data/bach-370-chorales/kern/chor177.krn
chor177,2,40,train,data/bach-370-chorales/kern/chor177.krn
chor177,3,42,train,data/bach-370-chorales/kern/chor177.krn
chor178,0,38,train,data/bach-370-chorales/kern/chor178.krn
chor178,1,38,train,data/bach-370-chorales/kern/chor178.krn
chor178,2,39,train,data/bach-370-chorales/kern/chor178.krn
chor178,3,42,train,data/bach-370-chorales/kern/chor178.krn
chor179,0,42,train,data/bach-370-chorales/kern/chor179.krn
chor179,1,42,train,data/bach-370-chorales/kern/chor179.krn
chor179,2,42,train,data/bach-370-chorales/kern/chor179.krn
chor179,3,42,train,data/bach-370-chorales/kern/chor179.krn
chor180,0,30,train,data/bach-370-chorales/kern/chor180.krn
chor180,1,41,train,data/bach-370-chorales/kern/chor180.krn
chor180,2,38,train,data/bach-370-chorales/kern/chor180.krn
chor180,3,38,train,data/bach-370-chorales/kern/chor180.krn
chor181,0,42,train,data/bach-370-chorales/kern/chor181.krn
chor181,1,42,train,data/bach-370-chorales/kern/chor181.krn
chor181,2,42,train,data/bach-370-chorales/kern/chor181.krn
chor181,3,42,train,data/bach-370-chorales/kern/chor181.krn
chor182,0,42,train,data/bach-370-chorales/kern/chor182.krn
chor182,1,42,train,data/bach-370-chorales/kern/chor182.krn
chor182,2,42,train,data/bach-370-chorales/kern/chor182.krn
chor182,3,42,train,data/bach-370-chorales/kern/chor182.krn
chor183,0,41,train,data/bach-370-chorales/kern/chor183.krn
chor183,1,42,train,data/bach-370-chorales/kern/chor183.krn
chor183,2,42,train,data/bach-370-chorales/kern/chor183.krn
chor183,3,42,train,data/bach-370-chorales/kern/chor183.krn
chor185,0,34,train,data/bach-370-chorales/kern/chor185.krn
chor185,1,38,train,data/bach-370-chorales/kern/chor185.krn
chor185,2,42,train,data/bach-370-chorales/kern/chor185.krn
chor185,3,42,train,data/bach-370-chorales/kern/chor185.krn
chor186,0,41,train,data/bach-370-chorales/kern/chor186.krn
chor186,1,42,train,data/bach-370-chorales/kern/chor186.krn
chor186,2,42,train,data/bach-370-chorales/kern/chor186.krn
chor186,3,42,train,data/bach-370-chorales/kern/chor186.krn
chor187,0,32,train,data/bach-370-chorales/kern/chor187.krn
chor187,1,42,train,data/bach-370-chorales/kern/chor187.krn
chor187,2,42,train,data/bach-370-chorales/kern/chor187.krn
chor187,3,34,train,data/bach-370-chorales/kern/chor187.krn
chor188,0,33,train,data/bach-370-chorales/kern/chor188.krn
chor188,1,41,train,data/bach-370-chorales/kern/chor188.krn
chor188,2,42,train,data/bach-370-chorales/kern/chor188.krn
chor188,3,42,train,data/bach-370-chorales/kern/chor188.krn
chor189,0,32,train,data/bach-370-chorales/kern/chor189.krn
chor189,1,42,train,data/bach-370-chorales/kern/chor189.krn
chor189,2,42,train,data/bach-370-chorales/kern/chor189.krn
chor189,3,42,train,data/bach-370-chorales/kern/chor189.krn
chor190,0,36,train,data/bach-370-chorales/kern/chor190.krn
chor190,1,42,train,data/bach-370-chorales/kern/chor190.krn
chor190,2,42,train,data/bach-370-chorales/kern/chor190.krn
chor190,3,42,train,data/bach-370-chorales/kern/chor190.krn
chor191,0,40,train,data/bach-370-chorales/kern/chor191.krn
chor191,1,42,train,data/bach-370-chorales/kern/chor191.krn
chor191,2,42,train,data/bach-370-chorales/kern/chor191.krn
chor191,3,41,train,data/bach-370-chorales/kern/chor191.krn
chor192,0,33,train,data/bach-370-chorales/kern/chor192.krn
chor192,1,42,train,data/bach-370-chorales/kern/chor192.krn
chor192,2,40,train,data/bach-370-chorales/kern/chor192.krn
chor192,3,39,train,data/bach-370-chorales/kern/chor192.krn
chor193,0,38,train,data/bach-370-chorales/kern/chor193.krn
chor193,1,39,train,data/bach-370-chorales/kern/chor193.krn
chor193,2,42,train,data/bach-370-chorales/kern/chor193.krn
chor193,3,35,train,data/bach-370-chorales/kern/chor193.krn
chor194,0,42,train,data/bach-370-chorales/kern/chor194.krn
chor194,1,42,train,data/bach-370-chorales/kern/chor194.krn
chor194,2,42,train,data/bach-370-chorales/kern/chor194.krn
chor194,3,42,train,data/bach-370-chorales/kern/chor194.krn
chor195,0,42,train,data/bach-370-chorales/kern/chor195.krn
chor195,1,42,train,data/bach-370-chorales/kern/chor195.krn
chor195,2,42,train,data/bach-370-chorales/kern/chor195.krn
chor195,3,42,train,data/bach-370-chorales/kern/chor195.krn
chor196,0,42,train,data/bach-370-chorales/kern/chor196.krn
chor196,1,42,train,data/bach-370-chorales/kern/chor196.krn
chor196,2,42,train,data/bach-370-chorales/kern/chor196.krn
chor196,3,42,train,data/bach-370-chorales/kern/chor196.krn
chor197,0,42,train,data/bach-370-chorales/kern/chor197.krn
chor197,1,42,train,data/bach-370-chorales/kern/chor197.krn
chor197,2,42,train,data/bach-370-chorales/kern/chor197.krn
chor197,3,42,train,data/bach-370-chorales/kern/chor197.krn
chor198,0,42,train,data/bach-370-chorales/kern/chor198.krn
chor198,1,42,train,data/bach-370-chorales/kern/chor198.krn
chor198,2,42,train,data/bach-370-chorales/kern/chor198.krn
chor198,3,42,train,data/bach-370-chorales/kern/chor198.krn
chor199,0,41,train,data/bach-370-chorales/kern/chor199.krn
chor199,1,42,train,data/bach-370-chorales/kern/chor199.krn
chor199,2,42,train,data/bach-370-chorales/kern/chor199.krn
chor199,3,42,train,data/bach-370-chorales/kern/chor199.krn
chor200,0,42,train,data/bach-370-chorales/kern/chor200.krn
chor200,1,42,train,data/bach-370-chorales/kern/chor200.krn
chor200,2,42,train,data/bach-370-chorales/kern/chor200.krn
chor200,3,42,train,data/bach-370-chorales/kern/chor200.krn
chor201,0,42,train,data/bach-370-chorales/kern/chor201.krn
chor201,1,42,train,data/bach-370-chorales/kern/chor201.krn
chor201,2,42,train,data/bach-370-chorales/kern/chor201.krn
chor201,3,42,train,data/bach-370-chorales/kern/chor201.krn
chor203,0,42,train,data/bach-370-chorales/kern/chor203.krn
chor203,1,42,train,data/bach-370-chorales/kern/chor203.krn
chor203,2,42,train,data/bach-370-chorales/kern/chor203.krn
chor203,3,42,train,data/bach-370-chorales/kern/chor203.krn
chor204,0,34,train,data/bach-370-chorales/kern/chor204.krn
chor204,1,35,train,data/bach-370-chorales/kern/chor204.krn
chor204,2,37,train,data/bach-370-chorales/kern/chor204.krn
chor204,3,37,train,data/bach-370-chorales/kern/chor204.krn
chor205,0,42,train,data/bach-370-chorales/kern/chor205.krn
chor205,1,42,train,data/bach-370-chorales/kern/chor205.krn
chor205,2,42,train,data/bach-370-chorales/kern/chor205.krn
chor205,3,42,train,data/bach-370-chorales/kern/chor205.krn
chor206,0,42,train,data/bach-370-chorales/kern/chor206.krn
chor206,1,42,train,data/bach-370-chorales/kern/chor206.krn
chor206,2,42,train,data/bach-370-chorales/kern/chor206.krn
chor206,3,42,train,data/bach-370-chorales/kern/chor206.krn
chor207,0,32,train,data/bach-370-chorales/kern/chor207.krn
chor207,1,42,train,data/bach-370-chorales/kern/chor207.krn
chor207,2,42,train,data/bach-370-chorales/kern/chor207.krn
chor207,3,42,train,data/bach-370-chorales/kern/chor207.krn
chor208,0,42,train,data/bach-370-chorales/kern/chor208.krn
chor208,1,42,train,data/bach-370-chorales/kern/chor208.krn
chor208,2,42,train,data/bach-370-chorales/kern/chor208.krn
chor208,3,42,train,data/bach-370-chorales/kern/chor208.krn
chor209,0,42,train,data/bach-370-chorales/kern/chor209.krn
chor209,1,42,train,data/bach-370-chorales/kern/chor209.krn
chor209,2,42,train,data/bach-370-chorales/kern/chor209.krn
chor209,3,42,train,data/bach-370-chorales/kern/chor209.krn
chor210,0,42,train,data/bach-370-chorales/kern/chor210.krn
chor210,1,42,train,data/bach-370-chorales/kern/chor210.krn
chor210,2,42,train,data/bach-370-chorales/kern/chor210.krn
chor210,3,42,train,data/bach-370-chorales/kern/chor210.krn
chor211,0,42,train,data/bach-370-chorales/kern/chor211.krn
chor211,1,42,train,data/bach-370-chorales/kern/chor211.krn
chor211,2,42,train,data/bach-370-chorales/kern/chor211.krn
chor211,3,42,train,data/bach-370-chorales/kern/chor211.krn
chor212,0,42,train,data/bach-370-chorales/kern/chor212.krn
chor212,1,42,train,data/bach-370-chorales/kern/chor212.krn
chor212,2,42,train,data/bach-370-chorales/kern/chor212.krn
chor212,3,42,train,data/bach-370-chorales/kern/chor212.krn
chor213,0,42,train,data/bach-370-chorales/kern/chor213.krn
chor213,1,42,train,data/bach-370-chorales/kern/chor213.krn
chor213,2,42,train,data/bach-370-chorales/kern/chor213.krn
chor213,3,42,train,data/bach-370-chorales/kern/chor213.krn
chor215,0,42,train,data/bach-370-chorales/kern/chor215.krn
chor215,1,42,train,data/bach-370-chorales/kern/chor215.krn
chor215,2,42,train,data/bach-370-chorales/kern/chor215.krn
chor215,3,42,train,data/bach-370-chorales/kern/chor215.krn
chor217,0,35,train,data/bach-370-chorales/kern/chor217.krn
chor217,1,36,train,data/bach-370-chorales/kern/chor217.krn
chor217,2,37,train,data/bach-370-chorales/kern/chor217.krn
chor217,3,35,train,data/bach-370-chorales/kern/chor217.krn
chor218,0,42,train,data/bach-370-chorales/kern/chor218.krn
chor218,1,42,train,data/bach-370-chorales/kern/chor218.krn
chor218,2,42,train,data/bach-370-chorales/kern/chor218.krn
chor218,3,42,train,data/bach-370-chorales/kern/chor218.krn
chor220,0,42,train,data/bach-370-chorales/kern/chor220.krn
chor220,1,42,train,data/bach-370-chorales/kern/chor220.krn
chor220,2,42,train,data/bach-370-chorales/kern/chor220.krn
chor220,3,42,train,data/bach-370-chorales/kern/chor220.krn
chor221,0,38,train,data/bach-370-chorales/kern/chor221.krn
chor221,1,42,train,data/bach-370-chorales/kern/chor221.krn
chor221,2,42,train,data/bach-370-chorales/kern/chor221.krn
chor221,3,42,train,data/bach-370-chorales/kern/chor221.krn
chor222,0,42,train,data/bach-370-chorales/kern/chor222.krn
chor222,1,42,train,data/bach-370-chorales/kern/chor222.krn
chor222,2,42,train,data/bach-370-chorales/kern/chor222.krn
chor222,3,42,train,data/bach-370-chorales/kern/chor222.krn
chor223,0,42,train,data/bach-370-chorales/kern/chor223.krn
chor223,1,42,train,data/bach-370-chorales/kern/chor223.krn
chor223,2,42,train,data/bach-370-chorales/kern/chor223.krn
chor223,3,42,train,data/bach-370-chorales/kern/chor223.krn
chor224,0,35,train,data/bach-370-chorales/kern/chor224.krn
chor224,1,41,train,data/bach-370-chorales/kern/chor224.krn
chor224,2,41,train,data/bach-370-chorales/kern/chor224.krn
chor224,3,36,train,data/bach-370-chorales/kern/chor224.krn
chor225,0,41,train,data/bach-370-chorales/kern/chor225.krn
chor225,1,42,train,data/bach-370-chorales/kern/chor225.krn
chor225,2,42,train,data/bach-370-chorales/kern/chor225.krn
chor225,3,42,train,data/bach-370-chorales/kern/chor225.krn
chor226,0,40,train,data/bach-370-chorales/kern/chor226.krn
chor226,1,42,train,data/bach-370-chorales/kern/chor226.krn
chor226,2,42,train,data/bach-370-chorales/kern/chor226.krn
chor226,3,42,train,data/bach-370-chorales/kern/chor226.krn
chor227,0,42,train,data/bach-370-chorales/kern/chor227.krn
chor227,1,42,train,data/bach-370-chorales/kern/chor227.krn
chor227,2,42,train,data/bach-370-chorales/kern/chor227.krn
chor227,3,42,train,data/bach-370-chorales/kern/chor227.krn
chor228,0,23,train,data/bach-370-chorales/kern/chor228.krn
chor228,1,28,train,data/bach-370-chorales/kern/chor228.krn
chor228,2,29,train,data/bach-370-chorales/kern/chor228.krn
chor228,3,28,train,data/bach-370-chorales/kern/chor228.krn
chor230,0,42,train,data/bach-370-chorales/kern/chor230.krn
chor230,1,42,train,data/bach-370-chorales/kern/chor230.krn
chor230,2,42,train,data/bach-370-chorales/kern/chor230.krn
chor230,3,42,train,data/bach-370-chorales/kern/chor230.krn
chor231,0,42,train,data/bach-370-chorales/kern/chor231.krn
chor231,1,42,train,data/bach-370-chorales/kern/chor231.krn
chor231,2,42,train,data/bach-370-chorales/kern/chor231.krn
chor231,3,42,train,data/bach-370-chorales/kern/chor231.krn
chor232,0,42,train,data/bach-370-chorales/kern/chor232.krn
chor232,1,42,train,data/bach-370-chorales/kern/chor232.krn
chor232,2,42,train,data/bach-370-chorales/kern/chor232.krn
chor232,3,42,train,data/bach-370-chorales/kern/chor232.krn
chor233,0,42,train,data/bach-370-chorales/kern/chor233.krn
chor233,1,42,train,data/bach-370-chorales/kern/chor233.krn
chor233,2,42,train,data/bach-370-chorales/kern/chor233.krn
chor233,3,42,train,data/bach-370-chorales/kern/chor233.krn
chor234,0,42,train,data/bach-370-chorales/kern/chor234.krn
chor234,1,42,train,data/bach-370-chorales/kern/chor234.krn
chor234,2,42,train,data/bach-370-chorales/kern/chor234.krn
chor234,3,42,train,data/bach-370-chorales/kern/chor234.krn
chor236,0,38,train,data/bach-370-chorales/kern/chor236.krn
chor236,1,38,train,data/bach-370-chorales/kern/chor236.krn
chor236,2,41,train,data/bach-370-chorales/kern/chor236.krn
chor236,3,37,train,data/bach-370-chorales/kern/chor236.krn
chor237,0,42,train,data/bach-370-chorales/kern/chor237.krn
chor237,1,42,train,data/bach-370-chorales/kern/chor237.krn
chor237,2,42,train,data/bach-370-chorales/kern/chor237.krn
chor237,3,42,train,data/bach-370-chorales/kern/chor237.krn
chor238,0,37,train,data/bach-370-chorales/kern/chor238.krn
chor238,1,42,train,data/bach-370-chorales/kern/chor238.krn
chor238,2,42,train,data/bach-370-chorales/kern/chor238.krn
chor238,3,41,train,data/bach-370-chorales/kern/chor238.krn
chor240,0,29,train,data/bach-370-chorales/kern/chor240.krn
chor240,1,35,train,data/bach-370-chorales/kern/chor240.krn
chor240,2,37,train,data/bach-370-chorales/kern/chor240.krn
chor240,3,38,train,data/bach-370-chorales/kern/chor240.krn
chor241,0,42,train,data/bach-370-chorales/kern/chor241.krn
chor241,1,42,train,data/bach-370-chorales/kern/chor241.krn
chor241,2,42,train,data/bach-370-chorales/kern/chor241.krn
chor241,3,42,train,data/bach-370-chorales/kern/chor241.krn
chor242,0,41,train,data/bach-370-chorales/kern/chor242.krn
chor242,1,42,train,data/bach-370-chorales/kern/chor242.krn
chor242,2,42,train,data/bach-370-chorales/kern/chor242.krn
chor242,3,42,train,data/bach-370-chorales/kern/chor242.krn
chor243,0,42,train,data/bach-370-chorales/kern/chor243.krn
chor243,1,42,train,data/bach-370-chorales/kern/chor243.krn
chor243,2,42,train,data/bach-370-chorales/kern/chor243.krn
chor243,3,42,train,data/bach-370-chorales/kern/chor243.krn
chor244,0,42,train,data/bach-370-chorales/kern/chor244.krn
chor244,1,42,train,data/bach-370-chorales/kern/chor244.krn
chor244,2,42,train,data/bach-370-chorales/kern/chor244.krn
chor244,3,42,train,data/bach-370-chorales/kern/chor244.krn
chor245,0,37,train,data/bach-370-chorales/kern/chor245.krn
chor245,1,42,train,data/bach-370-chorales/kern/chor245.krn
chor245,2,42,train,data/bach-370-chorales/kern/chor245.krn
chor245,3,42,train,data/bach-370-chorales/kern/chor245.krn
chor246,0,42,train,data/bach-370-chorales/kern/chor246.krn
chor246,1,42,train,data/bach-370-chorales/kern/chor246.krn
chor246,2,42,train,data/bach-370-chorales/kern/chor246.krn
chor246,3,42,train,data/bach-370-chorales/kern/chor246.krn
chor247,0,41,train,data/bach-370-chorales/kern/chor247.krn
chor247,1,42,train,data/bach-370-chorales/kern/chor247.krn
chor247,2,42,train,data/bach-370-chorales/kern/chor247.krn
chor247,3,42,train,data/bach-370-chorales/kern/chor247.krn
chor248,0,42,train,data/bach-370-chorales/kern/chor248.krn
chor248,1,42,train,data/bach-370-chorales/kern/chor248.krn
chor248,2,42,train,data/bach-370-chorales/kern/chor248.krn
chor248,3,42,train,data/bach-370-chorales/kern/chor248.krn
chor249,0,42,train,data/bach-370-chorales/kern/chor249.krn
chor249,1,42,train,data/bach-370-chorales/kern/chor249.krn
chor249,2,42,train,data/bach-370-chorales/kern/chor249.krn
chor249,3,42,train,data/bach-370-chorales/kern/chor249.krn
chor250,0,42,train,data/bach-370-chorales/kern/chor250.krn
chor250,1,42,train,data/bach-370-chorales/kern/chor250.krn
chor250,2,42,train,data/bach-370-chorales/kern/chor250.krn
chor250,3,42,train,data/bach-370-chorales/kern/chor250.krn
chor251,0,42,train,data/bach-370-chorales/kern/chor251.krn
chor251,1,42,train,data/bach-370-chorales/kern/chor251.krn
chor251,2,42,train,data/bach-370-chorales/kern/chor251.krn
chor251,3,42,train,data/bach-370-chorales/kern/chor251.krn
chor252,0,42,train,data/bach-370-chorales/kern/chor252.krn
chor252,1,42,train,data/bach-370-chorales/kern/chor252.krn
chor252,2,42,train,data/bach-370-chorales/kern/chor252.krn
chor252,3,42,train,data/bach-370-chorales/kern/chor252.krn
chor253,0,42,train,data/bach-370-chorales/kern/chor253.krn
chor253,1,42,train,data/bach-370-chorales/kern/chor253.krn
chor253,2,42,train,data/bach-370-chorales/kern/chor253.krn
chor253,3,42,train,data/bach-370-chorales/kern/chor253.krn
chor254,0,42,train,data/bach-370-chorales/kern/chor254.krn
chor254,1,42,train,data/bach-370-chorales/kern/chor254.krn
chor254,2,42,train,data/bach-370-chorales/kern/chor254.krn
chor254,3,42,train,data/bach-370-chorales/kern/chor254.krn
chor255,0,42,train,data/bach-370-chorales/kern/chor255.krn
chor255,1,42,train,data/bach-370-chorales/kern/chor255.krn
chor255,2,42,train,data/bach-370-chorales/kern/chor255.krn
chor255,3,42,train,data/bach-370-chorales/kern/chor255.krn
chor256,0,42,train,data/bach-370-chorales/kern/chor256.krn
chor256,1,42,train,data/bach-370-chorales/kern/chor256.krn
chor256,2,42,train,data/bach-370-chorales/kern/chor256.krn
chor256,3,42,train,data/bach-370-chorales/kern/chor256.krn
chor258,0,42,train,data/bach-370-chorales/kern/chor258.krn
chor258,1,42,train,data/bach-370-chorales/kern/chor258.krn
chor258,2,42,train,data/bach-370-chorales/kern/chor258.krn
chor258,3,42,train,data/bach-370-chorales/kern/chor258.krn
chor260,0,42,train,data/bach-370-chorales/kern/chor260.krn
chor260,1,42,train,data/bach-370-chorales/kern/chor260.krn
chor260,2,42,train,data/bach-370-chorales/kern/chor260.krn
chor260,3,42,train,data/bach-370-chorales/kern/chor260.krn
chor261,0,42,train,data/bach-370-chorales/kern/chor261.krn
chor261,1,42,train,data/bach-370-chorales/kern/chor261.krn
chor261,2,42,train,data/bach-370-chorales/kern/chor261.krn
chor261,3,42,train,data/bach-370-chorales/kern/chor261.krn
chor262,0,42,train,data/bach-370-chorales/kern/chor262.krn
chor262,1,42,train,data/bach-370-chorales/kern/chor262.krn
chor262,2,42,train,data/bach-370-chorales/kern/chor262.krn
chor262,3,42,train,data/bach-370-chorales/kern/chor262.krn
chor263,0,41,train,data/bach-370-chorales/kern/chor263.krn
chor263,1,42,train,data/bach-370-chorales/kern/chor263.krn
chor263,2,42,train,data/bach-370-chorales/kern/chor263.krn
chor263,3,42,train,data/bach-370-chorales/kern/chor263.krn
chor264,0,42,train,data/bach-370-chorales/kern/chor264.krn
chor264,1,42,train,data/bach-370-chorales/kern/chor264.krn
chor264,2,42,train,data/bach-370-chorales/kern/chor264.krn
chor264,3,42,train,data/bach-370-chorales/kern/chor264.krn
chor265,0,42,train,data/bach-370-chorales/kern/chor265.krn
chor265,1,42,train,data/bach-370-chorales/kern/chor265.krn
chor265,2,42,train,data/bach-370-chorales/kern/chor265.krn
chor265,3,42,train,data/bach-370-chorales/kern/chor265.krn
chor267,0,42,train,data/bach-370-chorales/kern/chor267.krn
chor267,1,42,train,data/bach-370-chorales/kern/chor267.krn
chor267,2,42,train,data/bach-370-chorales/kern/chor267.krn
chor267,3,42,train,data/bach-370-chorales/kern/chor267.krn
chor268,0,42,train,data/bach-370-chorales/kern/chor268.krn
chor268,1,42,train,data/bach-370-chorales/kern/chor268.krn
chor268,2,42,train,data/bach-370-chorales/kern/chor268.krn
chor268,3,42,train,data/bach-370-chorales/kern/chor268.krn
chor269,0,42,train,data/bach-370-chorales/kern/chor269.krn
chor269,1,42,train,data/bach-370-chorales/kern/chor269.krn
chor269,2,42,train,data/bach-370-chorales/kern/chor269.krn
chor269,3,42,train,data/bach-370-chorales/kern/chor269.krn
chor270,0,42,train,data/bach-370-chorales/kern/chor270.krn
chor270,1,42,train,data/bach-370-chorales/kern/chor270.krn
chor270,2,42,train,data/bach-370-chorales/kern/chor270.krn
chor270,3,42,train,data/bach-370-chorales/kern/chor270.krn
chor271,0,42,train,data/bach-370-chorales/kern/chor271.krn
chor271,1,42,train,data/bach-370-chorales/kern/chor271.krn
chor271,2,42,train,data/bach-370-chorales/kern/chor271.krn
chor271,3,42,train,data/bach-370-chorales/kern/chor271.krn
chor273,0,42,train,data/bach-370-chorales/kern/chor273.krn
chor273,1,42,train,data/bach-370-chorales/kern/chor273.krn
chor273,2,42,train,data/bach-370-chorales/kern/chor273.krn
chor273,3,42,train,data/bach-370-chorales/kern/chor273.krn
chor274,0,41,train,data/bach-370-chorales/kern/chor274.krn
chor274,1,42,train,data/bach-370-chorales/kern/chor274.krn
chor274,2,42,train,data/bach-370-chorales/kern/chor274.krn
chor274,3,42,train,data/bach-370-chorales/kern/chor274.krn
chor275,0,42,train,data/bach-370-chorales/kern/chor275.krn
chor275,1,42,train,data/bach-370-chorales/kern/chor275.krn
chor275,2,42,train,data/bach-370-chorales/kern/chor275.krn
chor275,3,42,train,data/bach-370-chorales/kern/chor275.krn
chor276,0,42,train,data/bach-370-chorales/kern/chor276.krn
chor276,1,42,train,data/bach-370-chorales/kern/chor276.krn
chor276,2,42,train,data/bach-370-chorales/kern/chor276.krn
chor276,3,42,train,data/bach-370-chorales/kern/chor276.krn
chor277,0,42,train,data/bach-370-chorales/kern/chor277.krn
chor277,1,42,train,data/bach-370-chorales/kern/chor277.krn
chor277,2,42,train,data/bach-370-chorales/kern/chor277.krn
chor277,3,42,train,data/bach-370-chorales/kern/chor277.krn
chor278,0,42,train,data/bach-370-chorales/kern/chor278.krn
chor278,1,42,train,data/bach-370-chorales/kern/chor278.krn
chor278,2,42,train,data/bach-370-chorales/kern/chor278.krn
chor278,3,42,train,data/bach-370-chorales/kern/chor278.krn
chor279,0,36,train,data/bach-370-chorales/kern/chor279.krn
chor279,1,38,train,data/bach-370-chorales/kern/chor279.krn
chor279,2,42,train,data/bach-370-chorales/kern/chor279.krn
chor279,3,42,train,data/bach-370-chorales/kern/chor279.krn
chor280,0,42,train,data/bach-370-chorales/kern/chor280.krn
chor280,1,42,train,data/bach-370-chorales/kern/chor280.krn
chor280,2,42,train,data/bach-370-chorales/kern/chor280.krn
chor280,3,42,train,data/bach-370-chorales/kern/chor280.krn
chor281,0,41,train,data/bach-370-chorales/kern/chor281.krn
chor281,1,42,train,data/bach-370-chorales/kern/chor281.krn
chor281,2,42,train,data/bach-370-chorales/kern/chor281.krn
chor281,3,42,train,data/bach-370-chorales/kern/chor281.krn
chor282,0,42,train,data/bach-370-chorales/kern/chor282.krn
chor282,1,42,train,data/bach-370-chorales/kern/chor282.krn
chor282,2,42,train,data/bach-370-chorales/kern/chor282.krn
chor282,3,42,train,data/bach-370-chorales/kern/chor282.krn
chor283,0,39,train,data/bach-370-chorales/kern/chor283.krn
chor283,1,42,train,data/bach-370-chorales/kern/chor283.krn
chor283,2,42,train,data/bach-370-chorales/kern/chor283.krn
chor283,3,42,train,data/bach-370-chorales/kern/chor283.krn
chor284,0,42,train,data/bach-370-chorales/kern/chor284.krn
chor284,1,42,train,data/bach-370-chorales/kern/chor284.krn
chor284,2,42,train,data/bach-370-chorales/kern/chor284.krn
chor284,3,42,train,data/bach-370-chorales/kern/chor284.krn
chor285,0,42,train,data/bach-370-chorales/kern/chor285.krn
chor285,1,42,train,data/bach-370-chorales/kern/chor285.krn
chor285,2,42,train,data/bach-370-chorales/kern/chor285.krn
chor285,3,42,train,data/bach-370-chorales/kern/chor285.krn
chor286,0,42,train,data/bach-370-chorales/kern/chor286.krn
chor286,1,42,train,data/bach-370-chorales/kern/chor286.krn
chor286,2,42,train,data/bach-370-chorales/kern/chor286.krn
chor286,3,42,train,data/bach-370-chorales/kern/chor286.krn
chor287,0,31,train,data/bach-370-chorales/kern/chor287.krn
chor287,1,37,train,data/bach-370-chorales/kern/chor287.krn
chor287,2,40,train,data/bach-370-chorales/kern/chor287.krn
chor287,3,41,train,data/bach-370-chorales/kern/chor287.krn
chor288,0,42,train,data/bach-370-chorales/kern/chor288.krn
chor288,1,42,train,data/bach-370-chorales/kern/chor288.krn
chor288,2,42,train,data/bach-370-chorales/kern/chor288.krn
chor288,3,42,train,data/bach-370-chorales/kern/chor288.krn
chor290,0,42,train,data/bach-370-chorales/kern/chor290.krn
chor290,1,42,train,data/bach-370-chorales/kern/chor290.krn
chor290,2,42,train,data/bach-370-chorales/kern/chor290.krn
chor290,3,42,train,data/bach-370-chorales/kern/chor290.krn
chor291,0,42,train,data/bach-370-chorales/kern/chor291.krn
chor291,1,42,train,data/bach-370-chorales/kern/chor291.krn
chor291,2,42,train,data/bach-370-chorales/kern/chor291.krn
chor291,3,42,train,data/bach-370-chorales/kern/chor291.krn
chor292,0,42,train,data/bach-370-chorales/kern/chor292.krn
chor292,1,42,train,data/bach-370-chorales/kern/chor292.krn
chor292,2,42,train,data/bach-370-chorales/kern/chor292.krn
chor292,3,42,train,data/bach-370-chorales/kern/chor292.krn
chor293,0,37,train,data/bach-370-chorales/kern/chor293.krn
chor293,1,41,train,data/bach-370-chorales/kern/chor293.krn
chor293,2,42,train,data/bach-370-chorales/kern/chor293.krn
chor293,3,42,train,data/bach-370-chorales/kern/chor293.krn
chor294,0,42,train,data/bach-370-chorales/kern/chor294.krn
chor294,1,42,train,data/bach-370-chorales/kern/chor294.krn
chor294,2,42,train,data/bach-370-chorales/kern/chor294.krn
chor294,3,42,train,data/bach-370-chorales/kern/chor294.krn
chor295,0,38,train,data/bach-370-chorales/kern/chor295.krn
chor295,1,40,train,data/bach-370-chorales/kern/chor295.krn
chor295,2,41,train,data/bach-370-chorales/kern/chor295.krn
chor295,3,37,train,data/bach-370-chorales/kern/chor295.krn
chor296,0,42,train,data/bach-370-chorales/kern/chor296.krn
chor296,1,42,train,data/bach-370-chorales/kern/chor296.krn
chor296,2,42,train,data/bach-370-chorales/kern/chor296.krn
chor296,3,42,train,data/bach-370-chorales/kern/chor296.krn
chor297,0,42,train,data/bach-370-chorales/kern/chor297.krn
chor297,1,42,train,data/bach-370-chorales/kern/chor297.krn
chor297,2,42,train,data/bach-370-chorales/kern/chor297.krn
chor297,3,42,train,data/bach-370-chorales/kern/chor297.krn
chor299,0,42,train,data/bach-370-chorales/kern/chor299.krn
chor299,1,42,train,data/bach-370-chorales/kern/chor299.krn
chor299,2,42,train,data/bach-370-chorales/kern/chor299.krn
chor299,3,42,train,data/bach-370-chorales/kern/chor299.krn
chor300,0,42,train,data/bach-370-chorales/kern/chor300.krn
chor300,1,42,train,data/bach-370-chorales/kern/chor300.krn
chor300,2,42,train,data/bach-370-chorales/kern/chor300.krn
chor300,3,42,train,data/bach-370-chorales/kern/chor300.krn
chor301,0,42,train,data/bach-370-chorales/kern/chor301.krn
chor301,1,42,train,data/bach-370-chorales/kern/chor301.krn
chor301,2,42,train,data/bach-370-chorales/kern/chor301.krn
chor301,3,42,train,data/bach-370-chorales/kern/chor301.krn
chor302,0,41,train,data/bach-370-chorales/kern/chor302.krn
chor302,1,42,train,data/bach-370-chorales/kern/chor302.krn
chor302,2,42,train,data/bach-370-chorales/kern/chor302.krn
chor302,3,42,train,data/bach-370-chorales/kern/chor302.krn
chor303,0,35,train,data/bach-370-chorales/kern/chor303.krn
chor303,1,39,train,data/bach-370-chorales/kern/chor303.krn
chor303,2,40,train,data/bach-370-chorales/kern/chor303.krn
chor303,3,42,train,data/bach-370-chorales/kern/chor303.krn
chor305,0,42,train,data/bach-370-chorales/kern/chor305.krn
chor305,1,42,train,data/bach-370-chorales/kern/chor305.krn
chor305,2,42,train,data/bach-370-chorales/kern/chor305.krn
chor305,3,42,train,data/bach-370-chorales/kern/chor305.krn
chor306,0,42,train,data/bach-370-chorales/kern/chor306.krn
chor306,1,42,train,data/bach-370-chorales/kern/chor306.krn
chor306,2,42,train,data/bach-370-chorales/kern/chor306.krn
chor306,3,42,train,data/bach-370-chorales/kern/chor306.krn
chor307,0,42,train,data/bach-370-chorales/kern/chor307.krn
chor307,1,42,train,data/bach-370-chorales/kern/chor307.krn
chor307,2,42,train,data/bach-370-chorales/kern/chor307.krn
chor307,3,42,train,data/bach-370-chorales/kern/chor307.krn
chor308,0,37,train,data/bach-370-chorales/kern/chor308.krn
chor308,1,40,train,data/bach-370-chorales/kern/chor308.krn
chor308,2,42,train,data/bach-370-chorales/kern/chor308.krn
chor308,3,42,train,data/bach-370-chorales/kern/chor308.krn
chor309,0,42,train,data/bach-370-chorales/kern/chor309.krn
chor309,1,42,train,data/bach-370-chorales/kern/chor309.krn
chor309,2,42,train,data/bach-370-chorales/kern/chor309.krn
chor309,3,42,train,data/bach-370-chorales/kern/chor309.krn
chor310,0,35,train,data/bach-370-chorales/kern/chor310.krn
chor310,1,41,train,data/bach-370-chorales/kern/chor310.krn
chor310,2,42,train,data/bach-370-chorales/kern/chor310.krn
chor310,3,37,train,data/bach-370-chorales/kern/chor310.krn
chor311,0,42,train,data/bach-370-chorales/kern/chor311.krn
chor311,1,42,train,data/bach-370-chorales/kern/chor311.krn
chor311,2,42,train,data/bach-370-chorales/kern/chor311.krn
chor311,3,42,train,data/bach-370-chorales/kern/chor311.krn
chor312,0,42,train,data/bach-370-chorales/kern/chor312.krn
chor312,1,42,train,data/bach-370-chorales/kern/chor312.krn
chor312,2,42,train,data/bach-370-chorales/kern/chor312.krn
chor312,3,42,train,data/bach-370-chorales/kern/chor312.krn
chor313,0,42,train,data/bach-370-chorales/kern/chor313.krn
chor313,1,42,train,data/bach-370-chorales/kern/chor313.krn
chor313,2,42,train,data/bach-370-chorales/kern/chor313.krn
chor313,3,42,train,data/bach-370-chorales/kern/chor313.krn
chor314,0,42,train,data/bach-370-chorales/kern/chor314.krn
chor314,1,42,train,data/bach-370-chorales/kern/chor314.krn
chor314,2,42,train,data/bach-370-chorales/kern/chor314.krn
chor314,3,42,train,data/bach-370-chorales/kern/chor314.krn
chor315,0,42,train,data/bach-370-chorales/kern/chor315.krn
chor315,1,42,train,data/bach-370-chorales/kern/chor315.krn
chor315,2,42,train,data/bach-370-chorales/kern/chor315.krn
chor315,3,42,train,data/bach-370-chorales/kern/chor315.krn
chor316,0,35,train,data/bach-370-chorales/kern/chor316.krn
chor316,1,42,train,data/bach-370-chorales/kern/chor316.krn
chor316,2,42,train,data/bach-370-chorales/kern/chor316.krn
chor316,3,42,train,data/bach-370-chorales/kern/chor316.krn
chor317,0,42,train,data/bach-370-chorales/kern/chor317.krn
chor317,1,42,train,data/bach-370-chorales/kern/chor317.krn
chor317,2,42,train,data/bach-370-chorales/kern/chor317.krn
chor317,3,42,train,data/bach-370-chorales/kern/chor317.krn
chor318,0,42,train,data/bach-370-chorales/kern/chor318.krn
chor318,1,42,train,data/bach-370-chorales/kern/chor318.krn
chor318,2,42,train,data/bach-370-chorales/kern/chor318.krn
chor318,3,42,train,data/bach-370-chorales/kern/chor318.krn
chor319,0,42,train,data/bach-370-chorales/kern/chor319.krn
chor319,1,42,train,data/bach-370-chorales/kern/chor319.krn
chor319,2,42,train,data/bach-370-chorales/kern/chor319.krn
chor319,3,42,train,data/bach-370-chorales/kern/chor319.krn
chor320,0,23,train,data/bach-370-chorales/kern/chor320.krn
chor320,1,25,train,data/bach-370-chorales/kern/chor320.krn
chor320,2,26,train,data/bach-370-chorales/kern/chor320.krn
chor320,3,28,train,data/bach-370-chorales/kern/chor320.krn
chor321,0,42,train,data/bach-370-chorales/kern/chor321.krn
chor321,1,42,train,data/bach-370-chorales/kern/chor321.krn
chor321,2,42,train,data/bach-370-chorales/kern/chor321.krn
chor321,3,42,train,data/bach-370-chorales/kern/chor321.krn
chor322,0,42,train,data/bach-370-chorales/kern/chor322.krn
chor322,1,42,train,data/bach-370-chorales/kern/chor322.krn
chor322,2,42,train,data/bach-370-chorales/kern/chor322.krn
chor322,3,42,train,data/bach-370-chorales/kern/chor322.krn
chor323,0,42,train,data/bach-370-chorales/kern/chor323.krn
chor323,1,42,train,data/bach-370-chorales/kern/chor323.krn
chor323,2,42,train,data/bach-370-chorales/kern/chor323.krn
chor323,3,42,train,data/bach-370-chorales/kern/chor323.krn
chor324,0,39,train,data/bach-370-chorales/kern/chor324.krn
chor324,1,42,train,data/bach-370-chorales/kern/chor324.krn
chor324,2,42,train,data/bach-370-chorales/kern/chor324.krn
chor324,3,42,train,data/bach-370-chorales/kern/chor324.krn
chor325,0,42,train,data/bach-370-chorales/kern/chor325.krn
chor325,1,42,train,data/bach-370-chorales/kern/chor325.krn
chor325,2,42,train,data/bach-370-chorales/kern/chor325.krn
chor325,3,42,train,data/bach-370-chorales/kern/chor325.krn
chor326,0,42,train,data/bach-370-chorales/kern/chor326.krn
chor326,1,42,train,data/bach-370-chorales/kern/chor326.krn
chor326,2,42,train,data/bach-370-chorales/kern/chor326.krn
chor326,3,42,train,data/bach-370-chorales/kern/chor326.krn
chor327,0,42,train,data/bach-370-chorales/kern/chor327.krn
chor327,1,42,train,data/bach-370-chorales/kern/chor327.krn
chor327,2,42,train,data/bach-370-chorales/kern/chor327.krn
chor327,3,42,train,data/bach-370-chorales/kern/chor327.krn
chor328,0,32,train,data/bach-370-chorales/kern/chor328.krn
chor328,1,40,train,data/bach-370-chorales/kern/chor328.krn
chor328,2,41,train,data/bach-370-chorales/kern/chor328.krn
chor328,3,42,train,data/bach-370-chorales/kern/chor328.krn
chor329,0,42,train,data/bach-370-chorales/kern/chor329.krn
chor329,1,42,train,data/bach-370-chorales/kern/chor329.krn
chor329,2,42,train,data/bach-370-chorales/kern/chor329.krn
chor329,3,42,train,data/bach-370-chorales/kern/chor329.krn
chor331,0,41,train,data/bach-370-chorales/kern/chor331.krn
chor331,1,42,train,data/bach-370-chorales/kern/chor331.krn
chor331,2,42,train,data/bach-370-chorales/kern/chor331.krn
chor331,3,42,train,data/bach-370-chorales/kern/chor331.krn
chor332,0,42,train,data/bach-370-chorales/kern/chor332.krn
chor332,1,42,train,data/bach-370-chorales/kern/chor332.krn
chor332,2,42,train,data/bach-370-chorales/kern/chor332.krn
chor332,3,42,train,data/bach-370-chorales/kern/chor332.krn
chor333,0,42,train,data/bach-370-chorales/kern/chor333.krn
chor333,1,42,train,data/bach-370-chorales/kern/chor333.krn
chor333,2,42,train,data/bach-370-chorales/kern/chor333.krn
chor333,3,42,train,data/bach-370-chorales/kern/chor333.krn
chor335,0,42,train,data/bach-370-chorales/kern/chor335.krn
chor335,1,42,train,data/bach-370-chorales/kern/chor335.krn
chor335,2,42,train,data/bach-370-chorales/kern/chor335.krn
chor335,3,42,train,data/bach-370-chorales/kern/chor335.krn
chor336,0,42,train,data/bach-370-chorales/kern/chor336.krn
chor336,1,42,train,data/bach-370-chorales/kern/chor336.krn
chor336,2,42,train,data/bach-370-chorales/kern/chor336.krn
chor336,3,42,train,data/bach-370-chorales/kern/chor336.krn
chor337,0,42,train,data/bach-370-chorales/kern/chor337.krn
chor337,1,42,train,data/bach-370-chorales/kern/chor337.krn
chor337,2,42,train,data/bach-370-chorales/kern/chor337.krn
chor337,3,42,train,data/bach-370-chorales/kern/chor337.krn
chor338,0,33,train,data/bach-370-chorales/kern/chor338.krn
chor338,1,35,train,data/bach-370-chorales/kern/chor338.krn
chor338,2,36,train,data/bach-370-chorales/kern/chor338.krn
chor338,3,35,train,data/bach-370-chorales/kern/chor338.krn
chor339,0,35,train,data/bach-370-chorales/kern/chor339.krn
chor339,1,42,train,data/bach-370-chorales/kern/chor339.krn
chor339,2,42,train,data/bach-370-chorales/kern/chor339.krn
chor339,3,42,train,data/bach-370-chorales/kern/chor339.krn
chor340,0,42,train,data/bach-370-chorales/kern/chor340.krn
chor340,1,42,train,data/bach-370-chorales/kern/chor340.krn
chor340,2,42,train,data/bach-370-chorales/kern/chor340.krn
chor340,3,42,train,data/bach-370-chorales/kern/chor340.krn
chor341,0,42,train,data/bach-370-chorales/kern/chor341.krn
chor341,1,42,train,data/bach-370-chorales/kern/chor341.krn
chor341,2,42,train,data/bach-370-chorales/kern/chor341.krn
chor341,3,42,train,data/bach-370-chorales/kern/chor341.krn
chor342,0,42,train,data/bach-370-chorales/kern/chor342.krn
chor342,1,42,train,data/bach-370-chorales/kern/chor342.krn
chor342,2,42,train,data/bach-370-chorales/kern/chor342.krn
chor342,3,42,train,data/bach-370-chorales/kern/chor342.krn
chor343,0,42,train,data/bach-370-chorales/kern/chor343.krn
chor343,1,42,train,data/bach-370-chorales/kern/chor343.krn
chor343,2,42,train,data/bach-370-chorales/kern/chor343.krn
chor343,3,42,train,data/bach-370-chorales/kern/chor343.krn
chor344,0,38,train,data/bach-370-chorales/kern/chor344.krn
chor344,1,42,train,data/bach-370-chorales/kern/chor344.krn
chor344,2,42,train,data/bach-370-chorales/kern/chor344.krn
chor344,3,42,train,data/bach-370-chorales/kern/chor344.krn
chor346,0,42,train,data/bach-370-chorales/kern/chor346.krn
chor346,1,42,train,data/bach-370-chorales/kern/chor346.krn
chor346,2,42,train,data/bach-370-chorales/kern/chor346.krn
chor346,3,42,train,data/bach-370-chorales/kern/chor346.krn
chor348,0,42,train,data/bach-370-chorales/kern/chor348.krn
chor348,1,42,train,data/bach-370-chorales/kern/chor348.krn
chor348,2,42,train,data/bach-370-chorales/kern/chor348.krn
chor348,3,42,train,data/bach-370-chorales/kern/chor348.krn
chor349,0,42,train,data/bach-370-chorales/kern/chor349.krn
chor349,1,42,train,data/bach-370-chorales/kern/chor349.krn
chor349,2,42,train,data/bach-370-chorales/kern/chor349.krn
chor349,3,42,train,data/bach-370-chorales/kern/chor349.krn
chor350,0,42,train,data/bach-370-chorales/kern/chor350.krn
chor350,1,42,train,data/bach-370-chorales/kern/chor350.krn
chor350,2,42,train,data/bach-370-chorales/kern/chor350.krn
chor350,3,42,train,data/bach-370-chorales/kern/chor350.krn
chor351,0,42,train,data/bach-370-chorales/kern/chor351.krn
chor351,1,42,train,data/bach-370-chorales/kern/chor351.krn
chor351,2,42,train,data/bach-370-chorales/kern/chor351.krn
chor351,3,42,train,data/bach-370-chorales/kern/chor351.krn
chor352,0,42,train,data/bach-370-chorales/kern/chor352.krn
chor352,1,42,train,data/bach-370-chorales/kern/chor352.krn
chor352,2,42,train,data/bach-370-chorales/kern/chor352.krn
chor352,3,42,train,data/bach-370-chorales/kern/chor352.krn
chor353,0,42,train,data/bach-370-chorales/kern/chor353.krn
chor353,1,42,train,data/bach-370-chorales/kern/chor353.krn
chor353,2,42,train,data/bach-370-chorales/kern/chor353.krn
chor353,3,42,train,data/bach-370-chorales/kern/chor353.krn
chor354,0,42,train,data/bach-370-chorales/kern/chor354.krn
chor354,1,42,train,data/bach-370-chorales/kern/chor354.krn
chor354,2,42,train,data/bach-370-chorales/kern/chor354.krn
chor354,3,42,train,data/bach-370-chorales/kern/chor354.krn
chor355,0,42,train,data/bach-370-chorales/kern/chor355.krn
chor355,1,42,train,data/bach-370-chorales/kern/chor355.krn
chor355,2,42,train,data/bach-370-chorales/kern/chor355.krn
chor355,3,42,train,data/bach-370-chorales/kern/chor355.krn
chor356,0,41,train,data/bach-370-chorales/kern/chor356.krn
chor356,1,42,train,data/bach-370-chorales/kern/chor356.krn
chor356,2,42,train,data/bach-370-chorales/kern/chor356.krn
chor356,3,42,train,data/bach-370-chorales/kern/chor356.krn
chor357,0,42,train,data/bach-370-chorales/kern/chor357.krn
chor357,1,42,train,data/bach-370-chorales/kern/chor357.krn
chor357,2,42,train,data/bach-370-chorales/kern/chor357.krn
chor357,3,42,train,data/bach-370-chorales/kern/chor357.krn
chor358,0,42,train,data/bach-370-chorales/kern/chor358.krn
chor358,1,42,train,data/bach-370-chorales/kern/chor358.krn
chor358,2,42,train,data/bach-370-chorales/kern/chor358.krn
chor358,3,42,train,data/bach-370-chorales/kern/chor358.krn
chor359,0,42,train,data/bach-370-chorales/kern/chor359.krn
chor359,1,42,train,data/bach-370-chorales/kern/chor359.krn
chor359,2,42,train,data/bach-370-chorales/kern/chor359.krn
chor359,3,42,train,data/bach-370-chorales/kern/chor359.krn
chor360,0,42,train,data/bach-370-chorales/kern/chor360.krn
chor360,1,42,train,data/bach-370-chorales/kern/chor360.krn
chor360,2,42,train,data/bach-370-chorales/kern/chor360.krn
chor360,3,42,train,data/bach-370-chorales/kern/chor360.krn
chor361,0,42,train,data/bach-370-chorales/kern/chor361.krn
chor361,1,42,train,data/bach-370-chorales/kern/chor361.krn
chor361,2,42,train,data/bach-370-chorales/kern/chor361.krn
chor361,3,42,train,data/bach-370-chorales/kern/chor361.krn
chor362,0,42,train,data/bach-370-chorales/kern/chor362.krn
chor362,1,42,train,data/bach-370-chorales/kern/chor362.krn
chor362,2,42,train,data/bach-370-chorales/kern/chor362.krn
chor362,3,42,train,data/bach-370-chorales/kern/chor362.krn
chor364,0,42,train,data/bach-370-chorales/kern/chor364.krn
chor364,1,42,train,data/bach-370-chorales/kern/chor364.krn
chor364,2,42,train,data/bach-370-chorales/kern/chor364.krn
chor364,3,42,train,data/bach-370-chorales/kern/chor364.krn
chor365,0,42,train,data/bach-370-chorales/kern/chor365.krn
chor365,1,42,train,data/bach-370-chorales/kern/chor365.krn
chor365,2,42,train,data/bach-370-chorales/kern/chor365.krn
chor365,3,42,train,data/bach-370-chorales/kern/chor365.krn
chor366,0,42,train,data/bach-370-chorales/kern/chor366.krn
chor366,1,42,train,data/bach-370-chorales/kern/chor366.krn
chor366,2,42,train,data/bach-370-chorales/kern/chor366.krn
chor366,3,42,train,data/bach-370-chorales/kern/chor366.krn
chor367,0,42,train,data/bach-370-chorales/kern/chor367.krn
chor367,1,42,train,data/bach-370-chorales/kern/chor367.krn
chor367,2,42,train,data/bach-370-chorales/kern/chor367.krn
chor367,3,42,train,data/bach-370-chorales/kern/chor367.krn
chor368,0,38,train,data/bach-370-chorales/kern/chor368.krn
chor368,1,42,train,data/bach-370-chorales/kern/chor368.krn
chor368,2,42,train,data/bach-370-chorales/kern/chor368.krn
chor368,3,42,train,data/bach-370-chorales/kern/chor368.krn
chor369,0,42,train,data/bach-370-chorales/kern/chor369.krn
chor369,1,42,train,data/bach-370-chorales/kern/chor369.krn
chor369,2,42,train,data/bach-370-chorales/kern/chor369.krn
chor369,3,42,train,data/bach-370-chorales/kern/chor369.krn
chor370,0,42,train,data/bach-370-chorales/kern/chor370.krn
chor370,1,42,train,data/bach-370-chorales/kern/chor370.krn
chor370,2,42,train,data/bach-370-chorales/kern/chor370.krn
chor370,3,42,train,data/bach-370-chorales/kern/chor370.krn
chor371,0,42,train,data/bach-370-chorales/kern/chor371.krn
chor371,1,42,train,data/bach-370-chorales/kern/chor371.krn
chor371,2,42,train,data/bach-370-chorales/kern/chor371.krn
chor371,3,42,train,data/bach-370-chorales/kern/chor371.krn
chor021,0,40,val,data/bach-370-chorales/kern/chor021.krn
chor021,1,42,val,data/bach-370-chorales/kern/chor021.krn
chor021,2,42,val,data/bach-370-chorales/kern/chor021.krn
chor021,3,42,val,data/bach-370-chorales/kern/chor021.krn
chor035,0,37,val,data/bach-370-chorales/kern/chor035.krn
chor035,1,42,val,data/bach-370-chorales/kern/chor035.krn
chor035,2,42,val,data/bach-370-chorales/kern/chor035.krn
chor035,3,42,val,data/bach-370-chorales/kern/chor035.krn
chor036,0,42,val,data/bach-370-chorales/kern/chor036.krn
chor036,1,42,val,data/bach-370-chorales/kern/chor036.krn
chor036,2,42,val,data/bach-370-chorales/kern/chor036.krn
chor036,3,42,val,data/bach-370-chorales/kern/chor036.krn
chor048,0,40,val,data/bach-370-chorales/kern/chor048.krn
chor048,1,42,val,data/bach-370-chorales/kern/chor048.krn
chor048,2,42,val,data/bach-370-chorales/kern/chor048.krn
chor048,3,42,val,data/bach-370-chorales/kern/chor048.krn
chor052,0,42,val,data/bach-370-chorales/kern/chor052.krn
chor052,1,42,val,data/bach-370-chorales/kern/chor052.krn
chor052,2,42,val,data/bach-370-chorales/kern/chor052.krn
chor052,3,42,val,data/bach-370-chorales/kern/chor052.krn
chor077,0,42,val,data/bach-370-chorales/kern/chor077.krn
chor077,1,42,val,data/bach-370-chorales/kern/chor077.krn
chor077,2,42,val,data/bach-370-chorales/kern/chor077.krn
chor077,3,42,val,data/bach-370-chorales/kern/chor077.krn
chor079,0,42,val,data/bach-370-chorales/kern/chor079.krn
chor079,1,42,val,data/bach-370-chorales/kern/chor079.krn
chor079,2,42,val,data/bach-370-chorales/kern/chor079.krn
chor079,3,42,val,data/bach-370-chorales/kern/chor079.krn
chor087,0,42,val,data/bach-370-chorales/kern/chor087.krn
chor087,1,42,val,data/bach-370-chorales/kern/chor087.krn
chor087,2,42,val,data/bach-370-chorales/kern/chor087.krn
chor087,3,42,val,data/bach-370-chorales/kern/chor087.krn
chor089,0,42,val,data/bach-370-chorales/kern/chor089.krn
chor089,1,42,val,data/bach-370-chorales/kern/chor089.krn
chor089,2,42,val,data/bach-370-chorales/kern/chor089.krn
chor089,3,42,val,data/bach-370-chorales/kern/chor089.krn
chor092,0,42,val,data/bach-370-chorales/kern/chor092.krn
chor092,1,42,val,data/bach-370-chorales/kern/chor092.krn
chor092,2,42,val,data/bach-370-chorales/kern/chor092.krn
chor092,3,42,val,data/bach-370-chorales/kern/chor092.krn
chor099,0,42,val,data/bach-370-chorales/kern/chor099.krn
chor099,1,42,val,data/bach-370-chorales/kern/chor099.krn
chor099,2,42,val,data/bach-370-chorales/kern/chor099.krn
chor099,3,42,val,data/bach-370-chorales/kern/chor099.krn
chor101,0,37,val,data/bach-370-chorales/kern/chor101.krn
chor101,1,40,val,data/bach-370-chorales/kern/chor101.krn
chor101,2,42,val,data/bach-370-chorales/kern/chor101.krn
chor101,3,42,val,data/bach-370-chorales/kern/chor101.krn
chor105,0,42,val,data/bach-370-chorales/kern/chor105.krn
chor105,1,42,val,data/bach-370-chorales/kern/chor105.krn
chor105,2,42,val,data/bach-370-chorales/kern/chor105.krn
chor105,3,42,val,data/bach-370-chorales/kern/chor105.krn
chor113,0,42,val,data/bach-370-chorales/kern/chor113.krn
chor113,1,42,val,data/bach-370-chorales/kern/chor113.krn
chor113,2,42,val,data/bach-370-chorales/kern/chor113.krn
chor113,3,42,val,data/bach-370-chorales/kern/chor113.krn
chor164,0,32,val,data/bach-370-chorales/kern/chor164.krn
chor164,1,40,val,data/bach-370-chorales/kern/chor164.krn
chor164,2,36,val,data/bach-370-chorales/kern/chor164.krn
chor164,3,42,val,data/bach-370-chorales/kern/chor164.krn
chor166,0,42,val,data/bach-370-chorales/kern/chor166.krn
chor166,1,42,val,data/bach-370-chorales/kern/chor166.krn
chor166,2,42,val,data/bach-370-chorales/kern/chor166.krn
chor166,3,42,val,data/bach-370-chorales/kern/chor166.krn
chor168,0,33,val,data/bach-370-chorales/kern/chor168.krn
chor168,1,42,val,data/bach-370-chorales/kern/chor168.krn
chor168,2,40,val,data/bach-370-chorales/kern/chor168.krn
chor168,3,40,val,data/bach-370-chorales/kern/chor168.krn
chor184,0,42,val,data/bach-370-chorales/kern/chor184.krn
chor184,1,42,val,data/bach-370-chorales/kern/chor184.krn
chor184,2,42,val,data/bach-370-chorales/kern/chor184.krn
chor184,3,42,val,data/bach-370-chorales/kern/chor184.krn
chor202,0,42,val,data/bach-370-chorales/kern/chor202.krn
chor202,1,42,val,data/bach-370-chorales/kern/chor202.krn
chor202,2,42,val,data/bach-370-chorales/kern/chor202.krn
chor202,3,42,val,data/bach-370-chorales/kern/chor202.krn
chor214,0,42,val,data/bach-370-chorales/kern/chor214.krn
chor214,1,42,val,data/bach-370-chorales/kern/chor214.krn
chor214,2,42,val,data/bach-370-chorales/kern/chor214.krn
chor214,3,42,val,data/bach-370-chorales/kern/chor214.krn
chor216,0,42,val,data/bach-370-chorales/kern/chor216.krn
chor216,1,42,val,data/bach-370-chorales/kern/chor216.krn
chor216,2,42,val,data/bach-370-chorales/kern/chor216.krn
chor216,3,42,val,data/bach-370-chorales/kern/chor216.krn
chor219,0,37,val,data/bach-370-chorales/kern/chor219.krn
chor219,1,42,val,data/bach-370-chorales/kern/chor219.krn
chor219,2,42,val,data/bach-370-chorales/kern/chor219.krn
chor219,3,42,val,data/bach-370-chorales/kern/chor219.krn
chor229,0,42,val,data/bach-370-chorales/kern/chor229.krn
chor229,1,42,val,data/bach-370-chorales/kern/chor229.krn
chor229,2,42,val,data/bach-370-chorales/kern/chor229.krn
chor229,3,42,val,data/bach-370-chorales/kern/chor229.krn
chor235,0,42,val,data/bach-370-chorales/kern/chor235.krn
chor235,1,42,val,data/bach-370-chorales/kern/chor235.krn
chor235,2,42,val,data/bach-370-chorales/kern/chor235.krn
chor235,3,42,val,data/bach-370-chorales/kern/chor235.krn
chor239,0,42,val,data/bach-370-chorales/kern/chor239.krn
chor239,1,42,val,data/bach-370-chorales/kern/chor239.krn
chor239,2,42,val,data/bach-370-chorales/kern/chor239.krn
chor239,3,42,val,data/bach-370-chorales/kern/chor239.krn
chor257,0,35,val,data/bach-370-chorales/kern/chor257.krn
chor257,1,42,val,data/bach-370-chorales/kern/chor257.krn
chor257,2,40,val,data/bach-370-chorales/kern/chor257.krn
chor257,3,34,val,data/bach-370-chorales/kern/chor257.krn
chor259,0,42,val,data/bach-370-chorales/kern/chor259.krn
chor259,1,42,val,data/bach-370-chorales/kern/chor259.krn
chor259,2,42,val,data/bach-370-chorales/kern/chor259.krn
chor259,3,42,val,data/bach-370-chorales/kern/chor259.krn
chor266,0,42,val,data/bach-370-chorales/kern/chor266.krn
chor266,1,42,val,data/bach-370-chorales/kern/chor266.krn
chor266,2,42,val,data/bach-370-chorales/kern/chor266.krn
chor266,3,42,val,data/bach-370-chorales/kern/chor266.krn
chor272,0,42,val,data/bach-370-chorales/kern/chor272.krn
chor272,1,42,val,data/bach-370-chorales/kern/chor272.krn
chor272,2,42,val,data/bach-370-chorales/kern/chor272.krn
chor272,3,42,val,data/bach-370-chorales/kern/chor272.krn
chor289,0,42,val,data/bach-370-chorales/kern/chor289.krn
chor289,1,42,val,data/bach-370-chorales/kern/chor289.krn
chor289,2,42,val,data/bach-370-chorales/kern/chor289.krn
chor289,3,42,val,data/bach-370-chorales/kern/chor289.krn
chor298,0,42,val,data/bach-370-chorales/kern/chor298.krn
chor298,1,42,val,data/bach-370-chorales/kern/chor298.krn
chor298,2,42,val,data/bach-370-chorales/kern/chor298.krn
chor298,3,42,val,data/bach-370-chorales/kern/chor298.krn
chor304,0,40,val,data/bach-370-chorales/kern/chor304.krn
chor304,1,42,val,data/bach-370-chorales/kern/chor304.krn
chor304,2,42,val,data/bach-370-chorales/kern/chor304.krn
chor304,3,42,val,data/bach-370-chorales/kern/chor304.krn
chor330,0,40,val,data/bach-370-chorales/kern/chor330.krn
chor330,1,42,val,data/bach-370-chorales/kern/chor330.krn
chor330,2,42,val,data/bach-370-chorales/kern/chor330.krn
chor330,3,42,val,data/bach-370-chorales/kern/chor330.krn
chor334,0,32,val,data/bach-370-chorales/kern/chor334.krn
chor334,1,38,val,data/bach-370-chorales/kern/chor334.krn
chor334,2,37,val,data/bach-370-chorales/kern/chor334.krn
chor334,3,42,val,data/bach-370-chorales/kern/chor334.krn
chor345,0,42,val,data/bach-370-chorales/kern/chor345.krn
chor345,1,42,val,data/bach-370-chorales/kern/chor345.krn
chor345,2,42,val,data/bach-370-chorales/kern/chor345.krn
chor345,3,42,val,data/bach-370-chorales/kern/chor345.krn
chor347,0,42,val,data/bach-370-chorales/kern/chor347.krn
chor347,1,42,val,data/bach-370-chorales/kern/chor347.krn
chor347,2,42,val,data/bach-370-chorales/kern/chor347.krn
chor347,3,42,val,data/bach-370-chorales/kern/chor347.krn
chor363,0,42,val,data/bach-370-chorales/kern/chor363.krn
chor363,1,42,val,data/bach-370-chorales/kern/chor363.krn
chor363,2,42,val,data/bach-370-chorales/kern/chor363.krn
chor363,3,42,val,data/bach-370-chorales/kern/chor363.krn
