piece_id,piece_name,part_id,instrument,notes_path,score_path,split,rhythmic_precision,perf_midi_paths,score_parts,alignment_path
1,Jupiter,1,vn,data/aligned/URMP/val/01_Jupiter_vn_vc/Notes_1_vn_01_Jupiter.txt,data/aligned/URMP/val/01_Jupiter_vn_vc/Sco_01_Jupiter_vn_vc.xml,val,y,data/aligned/URMP/val/01_Jupiter_vn_vc/Notes_1_vn_01_Jupiter.midi,data/aligned/URMP/val/01_Jupiter_vn_vc/Sco_1_Jupiter_1.xml,alignments/alignment_1_Jupiter_1.json
1,Jupiter,2,vc,data/aligned/URMP/val/01_Jupiter_vn_vc/Notes_2_vc_01_Jupiter.txt,data/aligned/URMP/val/01_Jupiter_vn_vc/Sco_01_Jupiter_vn_vc.xml,val,y,data/aligned/URMP/val/01_Jupiter_vn_vc/Notes_2_vc_01_Jupiter.midi,data/aligned/URMP/val/01_Jupiter_vn_vc/Sco_1_Jupiter_2.xml,alignments/alignment_1_Jupiter_2.json
2,Sonata,1,vn,data/aligned/URMP/test/02_Sonata_vn_vn/Notes_1_vn_02_Sonata.txt,data/aligned/URMP/test/02_Sonata_vn_vn/Sco_02_Sonata_vn_vn.xml,test,y,data/aligned/URMP/test/02_Sonata_vn_vn/Notes_1_vn_02_Sonata.midi,data/aligned/URMP/test/02_Sonata_vn_vn/Sco_2_Sonata_1.xml,alignments/alignment_2_Sonata_1.json
2,Sonata,2,vn,data/aligned/URMP/test/02_Sonata_vn_vn/Notes_2_vn_02_Sonata.txt,data/aligned/URMP/test/02_Sonata_vn_vn/Sco_02_Sonata_vn_vn.xml,test,y,data/aligned/URMP/test/02_Sonata_vn_vn/Notes_2_vn_02_Sonata.midi,data/aligned/URMP/test/02_Sonata_vn_vn/Sco_2_Sonata_2.xml,alignments/alignment_2_Sonata_2.json
3,Dance,1,fl,data/aligned/URMP/val/03_Dance_fl_cl/Notes_1_fl_03_Dance.txt,data/aligned/URMP/val/03_Dance_fl_cl/Sco_03_Dance_fl_cl.xml,val,y,data/aligned/URMP/val/03_Dance_fl_cl/Notes_1_fl_03_Dance.midi,data/aligned/URMP/val/03_Dance_fl_cl/Sco_3_Dance_1.xml,alignments/alignment_3_Dance_1.json
3,Dance,2,cl,data/aligned/URMP/val/03_Dance_fl_cl/Notes_2_cl_03_Dance.txt,data/aligned/URMP/val/03_Dance_fl_cl/Sco_03_Dance_fl_cl.xml,val,y,data/aligned/URMP/val/03_Dance_fl_cl/Notes_2_cl_03_Dance.midi,data/aligned/URMP/val/03_Dance_fl_cl/Sco_3_Dance_2.xml,alignments/alignment_3_Dance_2.json
4,Allegro,1,fl,data/aligned/URMP/val/04_Allegro_fl_fl/Notes_1_fl_04_Allegro.txt,data/aligned/URMP/val/04_Allegro_fl_fl/Sco_04_Allegro_fl_fl.xml,val,y,data/aligned/URMP/val/04_Allegro_fl_fl/Notes_1_fl_04_Allegro.midi,data/aligned/URMP/val/04_Allegro_fl_fl/Sco_4_Allegro_1.xml,alignments/alignment_4_Allegro_1.json
4,Allegro,2,fl,data/aligned/URMP/val/04_Allegro_fl_fl/Notes_2_fl_04_Allegro.txt,data/aligned/URMP/val/04_Allegro_fl_fl/Sco_04_Allegro_fl_fl.xml,val,y,data/aligned/URMP/val/04_Allegro_fl_fl/Notes_2_fl_04_Allegro.midi,data/aligned/URMP/val/04_Allegro_fl_fl/Sco_4_Allegro_2.xml,alignments/alignment_4_Allegro_2.json
5,Entertainer,1,tpt,data/aligned/URMP/val/05_Entertainer_tpt_tpt/Notes_1_tpt_05_Entertainer.txt,data/aligned/URMP/val/05_Entertainer_tpt_tpt/Sco_05_Entertainer_tpt_tpt.xml,val,n,data/aligned/URMP/val/05_Entertainer_tpt_tpt/Notes_1_tpt_05_Entertainer.midi,data/aligned/URMP/val/05_Entertainer_tpt_tpt/Sco_5_Entertainer_1.xml,alignments/alignment_5_Entertainer_1.json
5,Entertainer,2,tpt,data/aligned/URMP/val/05_Entertainer_tpt_tpt/Notes_2_tpt_05_Entertainer.txt,data/aligned/URMP/val/05_Entertainer_tpt_tpt/Sco_05_Entertainer_tpt_tpt.xml,val,n,data/aligned/URMP/val/05_Entertainer_tpt_tpt/Notes_2_tpt_05_Entertainer.midi,data/aligned/URMP/val/05_Entertainer_tpt_tpt/Sco_5_Entertainer_2.xml,alignments/alignment_5_Entertainer_2.json
6,Entertainer,1,sax,data/aligned/URMP/val/06_Entertainer_sax_sax/Notes_1_sax_06_Entertainer.txt,data/aligned/URMP/val/06_Entertainer_sax_sax/Sco_06_Entertainer_sax_sax.xml,val,n,data/aligned/URMP/val/06_Entertainer_sax_sax/Notes_1_sax_06_Entertainer.midi,data/aligned/URMP/val/06_Entertainer_sax_sax/Sco_6_Entertainer_1.xml,alignments/alignment_6_Entertainer_1.json
6,Entertainer,2,sax,data/aligned/URMP/val/06_Entertainer_sax_sax/Notes_2_sax_06_Entertainer.txt,data/aligned/URMP/val/06_Entertainer_sax_sax/Sco_06_Entertainer_sax_sax.xml,val,n,data/aligned/URMP/val/06_Entertainer_sax_sax/Notes_2_sax_06_Entertainer.midi,data/aligned/URMP/val/06_Entertainer_sax_sax/Sco_6_Entertainer_2.xml,alignments/alignment_6_Entertainer_2.json
7,GString,1,tpt,data/aligned/URMP/val/07_GString_tpt_tbn/Notes_1_tpt_07_GString.txt,data/aligned/URMP/val/07_GString_tpt_tbn/Sco_07_GString_tpt_tbn.xml,val,n,data/aligned/URMP/val/07_GString_tpt_tbn/Notes_1_tpt_07_GString.midi,data/aligned/URMP/val/07_GString_tpt_tbn/Sco_7_GString_1.xml,alignments/alignment_7_GString_1.json
7,GString,2,tbn,data/aligned/URMP/val/07_GString_tpt_tbn/Notes_2_tbn_07_GString.txt,data/aligned/URMP/val/07_GString_tpt_tbn/Sco_07_GString_tpt_tbn.xml,val,n,data/aligned/URMP/val/07_GString_tpt_tbn/Notes_2_tbn_07_GString.midi,data/aligned/URMP/val/07_GString_tpt_tbn/Sco_7_GString_2.xml,alignments/alignment_7_GString_2.json
8,Spring,1,fl,data/aligned/URMP/test/08_Spring_fl_vn/Notes_1_fl_08_Spring.txt,data/aligned/URMP/test/08_Spring_fl_vn/Sco_08_Spring_fl_vn.xml,test,y,data/aligned/URMP/test/08_Spring_fl_vn/Notes_1_fl_08_Spring.midi,data/aligned/URMP/test/08_Spring_fl_vn/Sco_8_Spring_1.xml,alignments/alignment_8_Spring_1.json
8,Spring,2,vn,data/aligned/URMP/test/08_Spring_fl_vn/Notes_2_vn_08_Spring.txt,data/aligned/URMP/test/08_Spring_fl_vn/Sco_08_Spring_fl_vn.xml,test,y,data/aligned/URMP/test/08_Spring_fl_vn/Notes_2_vn_08_Spring.midi,data/aligned/URMP/test/08_Spring_fl_vn/Sco_8_Spring_2.xml,alignments/alignment_8_Spring_2.json
9,Jesus,1,tpt,data/aligned/URMP/test/09_Jesus_tpt_vn/Notes_1_tpt_09_Jesus.txt,data/aligned/URMP/test/09_Jesus_tpt_vn/Sco_09_Jesus_tpt_vn.xml,test,n,data/aligned/URMP/test/09_Jesus_tpt_vn/Notes_1_tpt_09_Jesus.midi,data/aligned/URMP/test/09_Jesus_tpt_vn/Sco_9_Jesus_1.xml,alignments/alignment_9_Jesus_1.json
9,Jesus,2,vn,data/aligned/URMP/test/09_Jesus_tpt_vn/Notes_2_vn_09_Jesus.txt,data/aligned/URMP/test/09_Jesus_tpt_vn/Sco_09_Jesus_tpt_vn.xml,test,n,data/aligned/URMP/test/09_Jesus_tpt_vn/Notes_2_vn_09_Jesus.midi,data/aligned/URMP/test/09_Jesus_tpt_vn/Sco_9_Jesus_2.xml,alignments/alignment_9_Jesus_2.json
10,March,1,tpt,data/aligned/URMP/test/10_March_tpt_sax/Notes_1_tpt_10_March.txt,data/aligned/URMP/test/10_March_tpt_sax/Sco_10_March_tpt_sax.xml,test,n,data/aligned/URMP/test/10_March_tpt_sax/Notes_1_tpt_10_March.midi,data/aligned/URMP/test/10_March_tpt_sax/Sco_10_March_1.xml,alignments/alignment_10_March_1.json
10,March,2,sax,data/aligned/URMP/test/10_March_tpt_sax/Notes_2_sax_10_March.txt,data/aligned/URMP/test/10_March_tpt_sax/Sco_10_March_tpt_sax.xml,test,n,data/aligned/URMP/test/10_March_tpt_sax/Notes_2_sax_10_March.midi,data/aligned/URMP/test/10_March_tpt_sax/Sco_10_March_2.xml,alignments/alignment_10_March_2.json
11,Maria,1,ob,data/aligned/URMP/test/11_Maria_ob_vc/Notes_1_ob_11_Maria.txt,data/aligned/URMP/test/11_Maria_ob_vc/Sco_11_Maria_ob_vc.xml,test,n,data/aligned/URMP/test/11_Maria_ob_vc/Notes_1_ob_11_Maria.midi,data/aligned/URMP/test/11_Maria_ob_vc/Sco_11_Maria_1.xml,alignments/alignment_11_Maria_1.json
11,Maria,2,vc,data/aligned/URMP/test/11_Maria_ob_vc/Notes_2_vc_11_Maria.txt,data/aligned/URMP/test/11_Maria_ob_vc/Sco_11_Maria_ob_vc.xml,test,n,data/aligned/URMP/test/11_Maria_ob_vc/Notes_2_vc_11_Maria.midi,data/aligned/URMP/test/11_Maria_ob_vc/Sco_11_Maria_2.xml,alignments/alignment_11_Maria_2.json
12,Spring,1,vn,data/aligned/URMP/test/12_Spring_vn_vn_vc/Notes_1_vn_12_Spring.txt,data/aligned/URMP/test/12_Spring_vn_vn_vc/Sco_12_Spring_vn_vn_vc.xml,test,y,data/aligned/URMP/test/12_Spring_vn_vn_vc/Notes_1_vn_12_Spring.midi,data/aligned/URMP/test/12_Spring_vn_vn_vc/Sco_12_Spring_1.xml,alignments/alignment_12_Spring_1.json
12,Spring,2,vn,data/aligned/URMP/test/12_Spring_vn_vn_vc/Notes_2_vn_12_Spring.txt,data/aligned/URMP/test/12_Spring_vn_vn_vc/Sco_12_Spring_vn_vn_vc.xml,test,y,data/aligned/URMP/test/12_Spring_vn_vn_vc/Notes_2_vn_12_Spring.midi,data/aligned/URMP/test/12_Spring_vn_vn_vc/Sco_12_Spring_2.xml,alignments/alignment_12_Spring_2.json
12,Spring,3,vc,data/aligned/URMP/test/12_Spring_vn_vn_vc/Notes_3_vc_12_Spring.txt,data/aligned/URMP/test/12_Spring_vn_vn_vc/Sco_12_Spring_vn_vn_vc.xml,test,y,data/aligned/URMP/test/12_Spring_vn_vn_vc/Notes_3_vc_12_Spring.midi,data/aligned/URMP/test/12_Spring_vn_vn_vc/Sco_12_Spring_3.xml,alignments/alignment_12_Spring_3.json
13,Hark,1,vn,data/aligned/URMP/test/13_Hark_vn_vn_va/Notes_1_vn_13_Hark.txt,data/aligned/URMP/test/13_Hark_vn_vn_va/Sco_13_Hark_vn_vn_va.xml,test,y,data/aligned/URMP/test/13_Hark_vn_vn_va/Notes_1_vn_13_Hark.midi,data/aligned/URMP/test/13_Hark_vn_vn_va/Sco_13_Hark_1.xml,alignments/alignment_13_Hark_1.json
13,Hark,2,vn,data/aligned/URMP/test/13_Hark_vn_vn_va/Notes_2_vn_13_Hark.txt,data/aligned/URMP/test/13_Hark_vn_vn_va/Sco_13_Hark_vn_vn_va.xml,test,y,data/aligned/URMP/test/13_Hark_vn_vn_va/Notes_2_vn_13_Hark.midi,data/aligned/URMP/test/13_Hark_vn_vn_va/Sco_13_Hark_2.xml,alignments/alignment_13_Hark_2.json
13,Hark,3,va,data/aligned/URMP/test/13_Hark_vn_vn_va/Notes_3_va_13_Hark.txt,data/aligned/URMP/test/13_Hark_vn_vn_va/Sco_13_Hark_vn_vn_va.xml,test,y,data/aligned/URMP/test/13_Hark_vn_vn_va/Notes_3_va_13_Hark.midi,data/aligned/URMP/test/13_Hark_vn_vn_va/Sco_13_Hark_3.xml,alignments/alignment_13_Hark_3.json
14,Waltz,1,fl,data/aligned/URMP/test/14_Waltz_fl_fl_cl/Notes_1_fl_14_Waltz.txt,data/aligned/URMP/test/14_Waltz_fl_fl_cl/Sco_14_Waltz_fl_fl_cl.xml,test,y,data/aligned/URMP/test/14_Waltz_fl_fl_cl/Notes_1_fl_14_Waltz.midi,data/aligned/URMP/test/14_Waltz_fl_fl_cl/Sco_14_Waltz_1.xml,alignments/alignment_14_Waltz_1.json
14,Waltz,2,fl,data/aligned/URMP/test/14_Waltz_fl_fl_cl/Notes_2_fl_14_Waltz.txt,data/aligned/URMP/test/14_Waltz_fl_fl_cl/Sco_14_Waltz_fl_fl_cl.xml,test,y,data/aligned/URMP/test/14_Waltz_fl_fl_cl/Notes_2_fl_14_Waltz.midi,data/aligned/URMP/test/14_Waltz_fl_fl_cl/Sco_14_Waltz_2.xml,alignments/alignment_14_Waltz_2.json
14,Waltz,3,cl,data/aligned/URMP/test/14_Waltz_fl_fl_cl/Notes_3_cl_14_Waltz.txt,data/aligned/URMP/test/14_Waltz_fl_fl_cl/Sco_14_Waltz_fl_fl_cl.xml,test,y,data/aligned/URMP/test/14_Waltz_fl_fl_cl/Notes_3_cl_14_Waltz.midi,data/aligned/URMP/test/14_Waltz_fl_fl_cl/Sco_14_Waltz_3.xml,alignments/alignment_14_Waltz_3.json
15,Surprise,1,tpt,data/aligned/URMP/val/15_Surprise_tpt_tpt_tbn/Notes_1_tpt_15_Surprise.txt,data/aligned/URMP/val/15_Surprise_tpt_tpt_tbn/Sco_15_Surprise_tpt_tpt_tbn.xml,val,n,data/aligned/URMP/val/15_Surprise_tpt_tpt_tbn/Notes_1_tpt_15_Surprise.midi,data/aligned/URMP/val/15_Surprise_tpt_tpt_tbn/Sco_15_Surprise_1.xml,alignments/alignment_15_Surprise_1.json
15,Surprise,2,tpt,data/aligned/URMP/val/15_Surprise_tpt_tpt_tbn/Notes_2_tpt_15_Surprise.txt,data/aligned/URMP/val/15_Surprise_tpt_tpt_tbn/Sco_15_Surprise_tpt_tpt_tbn.xml,val,n,data/aligned/URMP/val/15_Surprise_tpt_tpt_tbn/Notes_2_tpt_15_Surprise.midi,data/aligned/URMP/val/15_Surprise_tpt_tpt_tbn/Sco_15_Surprise_2.xml,alignments/alignment_15_Surprise_2.json
15,Surprise,3,tpt,data/aligned/URMP/val/15_Surprise_tpt_tpt_tbn/Notes_3_tpt_15_Surprise.txt,data/aligned/URMP/val/15_Surprise_tpt_tpt_tbn/Sco_15_Surprise_tpt_tpt_tbn.xml,val,n,data/aligned/URMP/val/15_Surprise_tpt_tpt_tbn/Notes_3_tpt_15_Surprise.midi,data/aligned/URMP/val/15_Surprise_tpt_tpt_tbn/Sco_15_Surprise_3.xml,alignments/alignment_15_Surprise_3.json
16,Surprise,1,tpt,data/aligned/URMP/val/16_Surprise_tpt_tpt_sax/Notes_1_tpt_16_Surprise.txt,data/aligned/URMP/val/16_Surprise_tpt_tpt_sax/Sco_16_Surprise_tpt_tpt_sax.xml,val,n,data/aligned/URMP/val/16_Surprise_tpt_tpt_sax/Notes_1_tpt_16_Surprise.midi,data/aligned/URMP/val/16_Surprise_tpt_tpt_sax/Sco_16_Surprise_1.xml,alignments/alignment_16_Surprise_1.json
16,Surprise,2,tpt,data/aligned/URMP/val/16_Surprise_tpt_tpt_sax/Notes_2_tpt_16_Surprise.txt,data/aligned/URMP/val/16_Surprise_tpt_tpt_sax/Sco_16_Surprise_tpt_tpt_sax.xml,val,n,data/aligned/URMP/val/16_Surprise_tpt_tpt_sax/Notes_2_tpt_16_Surprise.midi,data/aligned/URMP/val/16_Surprise_tpt_tpt_sax/Sco_16_Surprise_2.xml,alignments/alignment_16_Surprise_2.json
16,Surprise,3,sax,data/aligned/URMP/val/16_Surprise_tpt_tpt_sax/Notes_3_sax_16_Surprise.txt,data/aligned/URMP/val/16_Surprise_tpt_tpt_sax/Sco_16_Surprise_tpt_tpt_sax.xml,val,n,data/aligned/URMP/val/16_Surprise_tpt_tpt_sax/Notes_3_sax_16_Surprise.midi,data/aligned/URMP/val/16_Surprise_tpt_tpt_sax/Sco_16_Surprise_3.xml,alignments/alignment_16_Surprise_3.json
17,Nocturne,1,vn,data/aligned/URMP/val/17_Nocturne_vn_fl_cl/Notes_1_vn_17_Nocturne.txt,data/aligned/URMP/val/17_Nocturne_vn_fl_cl/Sco_17_Nocturne_vn_fl_cl.xml,val,y,data/aligned/URMP/val/17_Nocturne_vn_fl_cl/Notes_1_vn_17_Nocturne.midi,data/aligned/URMP/val/17_Nocturne_vn_fl_cl/Sco_17_Nocturne_1.xml,alignments/alignment_17_Nocturne_1.json
17,Nocturne,2,fl,data/aligned/URMP/val/17_Nocturne_vn_fl_cl/Notes_2_fl_17_Nocturne.txt,data/aligned/URMP/val/17_Nocturne_vn_fl_cl/Sco_17_Nocturne_vn_fl_cl.xml,val,y,data/aligned/URMP/val/17_Nocturne_vn_fl_cl/Notes_2_fl_17_Nocturne.midi,data/aligned/URMP/val/17_Nocturne_vn_fl_cl/Sco_17_Nocturne_2.xml,alignments/alignment_17_Nocturne_2.json
17,Nocturne,3,cl,data/aligned/URMP/val/17_Nocturne_vn_fl_cl/Notes_3_cl_17_Nocturne.txt,data/aligned/URMP/val/17_Nocturne_vn_fl_cl/Sco_17_Nocturne_vn_fl_cl.xml,val,y,data/aligned/URMP/val/17_Nocturne_vn_fl_cl/Notes_3_cl_17_Nocturne.midi,data/aligned/URMP/val/17_Nocturne_vn_fl_cl/Sco_17_Nocturne_3.xml,alignments/alignment_17_Nocturne_3.json
18,Nocturne,1,vn,data/aligned/URMP/val/18_Nocturne_vn_fl_tpt/Notes_1_vn_18_Nocturne.txt,data/aligned/URMP/val/18_Nocturne_vn_fl_tpt/Sco_18_Nocturne_vn_fl_tpt.xml,val,y,data/aligned/URMP/val/18_Nocturne_vn_fl_tpt/Notes_1_vn_18_Nocturne.midi,data/aligned/URMP/val/18_Nocturne_vn_fl_tpt/Sco_18_Nocturne_1.xml,alignments/alignment_18_Nocturne_1.json
18,Nocturne,2,fl,data/aligned/URMP/val/18_Nocturne_vn_fl_tpt/Notes_2_fl_18_Nocturne.txt,data/aligned/URMP/val/18_Nocturne_vn_fl_tpt/Sco_18_Nocturne_vn_fl_tpt.xml,val,y,data/aligned/URMP/val/18_Nocturne_vn_fl_tpt/Notes_2_fl_18_Nocturne.midi,data/aligned/URMP/val/18_Nocturne_vn_fl_tpt/Sco_18_Nocturne_2.xml,alignments/alignment_18_Nocturne_2.json
18,Nocturne,3,tpt,data/aligned/URMP/val/18_Nocturne_vn_fl_tpt/Notes_3_tpt_18_Nocturne.txt,data/aligned/URMP/val/18_Nocturne_vn_fl_tpt/Sco_18_Nocturne_vn_fl_tpt.xml,val,n,data/aligned/URMP/val/18_Nocturne_vn_fl_tpt/Notes_3_tpt_18_Nocturne.midi,data/aligned/URMP/val/18_Nocturne_vn_fl_tpt/Sco_18_Nocturne_3.xml,alignments/alignment_18_Nocturne_3.json
19,Pavane,1,cl,data/aligned/URMP/test/19_Pavane_cl_vn_vc/Notes_1_cl_19_Pavane.txt,data/aligned/URMP/test/19_Pavane_cl_vn_vc/Sco_19_Pavane_cl_vn_vc.xml,test,y,data/aligned/URMP/test/19_Pavane_cl_vn_vc/Notes_1_cl_19_Pavane.midi,data/aligned/URMP/test/19_Pavane_cl_vn_vc/Sco_19_Pavane_1.xml,alignments/alignment_19_Pavane_1.json
19,Pavane,2,vn,data/aligned/URMP/test/19_Pavane_cl_vn_vc/Notes_2_vn_19_Pavane.txt,data/aligned/URMP/test/19_Pavane_cl_vn_vc/Sco_19_Pavane_cl_vn_vc.xml,test,y,data/aligned/URMP/test/19_Pavane_cl_vn_vc/Notes_2_vn_19_Pavane.midi,data/aligned/URMP/test/19_Pavane_cl_vn_vc/Sco_19_Pavane_2.xml,alignments/alignment_19_Pavane_2.json
19,Pavane,3,vc,data/aligned/URMP/test/19_Pavane_cl_vn_vc/Notes_3_vc_19_Pavane.txt,data/aligned/URMP/test/19_Pavane_cl_vn_vc/Sco_19_Pavane_cl_vn_vc.xml,test,y,data/aligned/URMP/test/19_Pavane_cl_vn_vc/Notes_3_vc_19_Pavane.midi,data/aligned/URMP/test/19_Pavane_cl_vn_vc/Sco_19_Pavane_3.xml,alignments/alignment_19_Pavane_3.json
20,Pavane,1,tpt,data/aligned/URMP/test/20_Pavane_tpt_vn_vc/Notes_1_tpt_20_Pavane.txt,data/aligned/URMP/test/20_Pavane_tpt_vn_vc/Sco_20_Pavane_tpt_vn_vc.xml,test,n,data/aligned/URMP/test/20_Pavane_tpt_vn_vc/Notes_1_tpt_20_Pavane.midi,data/aligned/URMP/test/20_Pavane_tpt_vn_vc/Sco_20_Pavane_1.xml,alignments/alignment_20_Pavane_1.json
20,Pavane,2,vn,data/aligned/URMP/test/20_Pavane_tpt_vn_vc/Notes_2_vn_20_Pavane.txt,data/aligned/URMP/test/20_Pavane_tpt_vn_vc/Sco_20_Pavane_tpt_vn_vc.xml,test,y,data/aligned/URMP/test/20_Pavane_tpt_vn_vc/Notes_2_vn_20_Pavane.midi,data/aligned/URMP/test/20_Pavane_tpt_vn_vc/Sco_20_Pavane_2.xml,alignments/alignment_20_Pavane_2.json
20,Pavane,3,vc,data/aligned/URMP/test/20_Pavane_tpt_vn_vc/Notes_3_vc_20_Pavane.txt,data/aligned/URMP/test/20_Pavane_tpt_vn_vc/Sco_20_Pavane_tpt_vn_vc.xml,test,y,data/aligned/URMP/test/20_Pavane_tpt_vn_vc/Notes_3_vc_20_Pavane.midi,data/aligned/URMP/test/20_Pavane_tpt_vn_vc/Sco_20_Pavane_3.xml,alignments/alignment_20_Pavane_3.json
21,Rejouissance,1,cl,data/aligned/URMP/test/21_Rejouissance_cl_tbn_tba/Notes_1_cl_21_Rejouissance.txt,data/aligned/URMP/test/21_Rejouissance_cl_tbn_tba/Sco_21_Rejouissance_cl_tbn_tba.xml,test,y,data/aligned/URMP/test/21_Rejouissance_cl_tbn_tba/Notes_1_cl_21_Rejouissance.midi,data/aligned/URMP/test/21_Rejouissance_cl_tbn_tba/Sco_21_Rejouissance_1.xml,alignments/alignment_21_Rejouissance_1.json
21,Rejouissance,2,tbn,data/aligned/URMP/test/21_Rejouissance_cl_tbn_tba/Notes_2_tbn_21_Rejouissance.txt,data/aligned/URMP/test/21_Rejouissance_cl_tbn_tba/Sco_21_Rejouissance_cl_tbn_tba.xml,test,y,data/aligned/URMP/test/21_Rejouissance_cl_tbn_tba/Notes_2_tbn_21_Rejouissance.midi,data/aligned/URMP/test/21_Rejouissance_cl_tbn_tba/Sco_21_Rejouissance_2.xml,alignments/alignment_21_Rejouissance_2.json
21,Rejouissance,3,tba,data/aligned/URMP/test/21_Rejouissance_cl_tbn_tba/Notes_3_tba_21_Rejouissance.txt,data/aligned/URMP/test/21_Rejouissance_cl_tbn_tba/Sco_21_Rejouissance_cl_tbn_tba.xml,test,y,data/aligned/URMP/test/21_Rejouissance_cl_tbn_tba/Notes_3_tba_21_Rejouissance.midi,data/aligned/URMP/test/21_Rejouissance_cl_tbn_tba/Sco_21_Rejouissance_3.xml,alignments/alignment_21_Rejouissance_3.json
22,Rejouissance,1,sax,data/aligned/URMP/test/22_Rejouissance_sax_tbn_tba/Notes_1_sax_22_Rejouissance.txt,data/aligned/URMP/test/22_Rejouissance_sax_tbn_tba/Sco_22_Rejouissance_sax_tbn_tba.xml,test,y,data/aligned/URMP/test/22_Rejouissance_sax_tbn_tba/Notes_1_sax_22_Rejouissance.midi,data/aligned/URMP/test/22_Rejouissance_sax_tbn_tba/Sco_22_Rejouissance_1.xml,alignments/alignment_22_Rejouissance_1.json
22,Rejouissance,2,tbn,data/aligned/URMP/test/22_Rejouissance_sax_tbn_tba/Notes_2_tbn_22_Rejouissance.txt,data/aligned/URMP/test/22_Rejouissance_sax_tbn_tba/Sco_22_Rejouissance_sax_tbn_tba.xml,test,y,data/aligned/URMP/test/22_Rejouissance_sax_tbn_tba/Notes_2_tbn_22_Rejouissance.midi,data/aligned/URMP/test/22_Rejouissance_sax_tbn_tba/Sco_22_Rejouissance_2.xml,alignments/alignment_22_Rejouissance_2.json
22,Rejouissance,3,tba,data/aligned/URMP/test/22_Rejouissance_sax_tbn_tba/Notes_3_tba_22_Rejouissance.txt,data/aligned/URMP/test/22_Rejouissance_sax_tbn_tba/Sco_22_Rejouissance_sax_tbn_tba.xml,test,y,data/aligned/URMP/test/22_Rejouissance_sax_tbn_tba/Notes_3_tba_22_Rejouissance.midi,data/aligned/URMP/test/22_Rejouissance_sax_tbn_tba/Sco_22_Rejouissance_3.xml,alignments/alignment_22_Rejouissance_3.json
23,Rejouissance,1,cl,data/aligned/URMP/test/23_Rejouissance_cl_sax_tba/Notes_1_cl_23_Rejouissance.txt,data/aligned/URMP/test/23_Rejouissance_cl_sax_tba/Sco_23_Rejouissance_cl_sax_tba.xml,test,y,data/aligned/URMP/test/23_Rejouissance_cl_sax_tba/Notes_1_cl_23_Rejouissance.midi,data/aligned/URMP/test/23_Rejouissance_cl_sax_tba/Sco_23_Rejouissance_1.xml,alignments/alignment_23_Rejouissance_1.json
23,Rejouissance,2,sax,data/aligned/URMP/test/23_Rejouissance_cl_sax_tba/Notes_2_sax_23_Rejouissance.txt,data/aligned/URMP/test/23_Rejouissance_cl_sax_tba/Sco_23_Rejouissance_cl_sax_tba.xml,test,y,data/aligned/URMP/test/23_Rejouissance_cl_sax_tba/Notes_2_sax_23_Rejouissance.midi,data/aligned/URMP/test/23_Rejouissance_cl_sax_tba/Sco_23_Rejouissance_2.xml,alignments/alignment_23_Rejouissance_2.json
23,Rejouissance,3,tba,data/aligned/URMP/test/23_Rejouissance_cl_sax_tba/Notes_3_tba_23_Rejouissance.txt,data/aligned/URMP/test/23_Rejouissance_cl_sax_tba/Sco_23_Rejouissance_cl_sax_tba.xml,test,y,data/aligned/URMP/test/23_Rejouissance_cl_sax_tba/Notes_3_tba_23_Rejouissance.midi,data/aligned/URMP/test/23_Rejouissance_cl_sax_tba/Sco_23_Rejouissance_3.xml,alignments/alignment_23_Rejouissance_3.json
24,Pirates,1,vn,data/aligned/URMP/test/24_Pirates_vn_vn_va_vc/Notes_1_vn_24_Pirates.txt,data/aligned/URMP/test/24_Pirates_vn_vn_va_vc/Sco_24_Pirates_vn_vn_va_vc.xml,test,y,data/aligned/URMP/test/24_Pirates_vn_vn_va_vc/Notes_1_vn_24_Pirates.midi,data/aligned/URMP/test/24_Pirates_vn_vn_va_vc/Sco_24_Pirates_1.xml,alignments/alignment_24_Pirates_1.json
24,Pirates,2,vn,data/aligned/URMP/test/24_Pirates_vn_vn_va_vc/Notes_2_vn_24_Pirates.txt,data/aligned/URMP/test/24_Pirates_vn_vn_va_vc/Sco_24_Pirates_vn_vn_va_vc.xml,test,y,data/aligned/URMP/test/24_Pirates_vn_vn_va_vc/Notes_2_vn_24_Pirates.midi,data/aligned/URMP/test/24_Pirates_vn_vn_va_vc/Sco_24_Pirates_2.xml,alignments/alignment_24_Pirates_2.json
24,Pirates,3,va,data/aligned/URMP/test/24_Pirates_vn_vn_va_vc/Notes_3_va_24_Pirates.txt,data/aligned/URMP/test/24_Pirates_vn_vn_va_vc/Sco_24_Pirates_vn_vn_va_vc.xml,test,y,data/aligned/URMP/test/24_Pirates_vn_vn_va_vc/Notes_3_va_24_Pirates.midi,data/aligned/URMP/test/24_Pirates_vn_vn_va_vc/Sco_24_Pirates_3.xml,alignments/alignment_24_Pirates_3.json
24,Pirates,4,vc,data/aligned/URMP/test/24_Pirates_vn_vn_va_vc/Notes_4_vc_24_Pirates.txt,data/aligned/URMP/test/24_Pirates_vn_vn_va_vc/Sco_24_Pirates_vn_vn_va_vc.xml,test,y,data/aligned/URMP/test/24_Pirates_vn_vn_va_vc/Notes_4_vc_24_Pirates.midi,data/aligned/URMP/test/24_Pirates_vn_vn_va_vc/Sco_24_Pirates_4.xml,alignments/alignment_24_Pirates_4.json
25,Pirates,1,vn,data/aligned/URMP/test/25_Pirates_vn_vn_va_sax/Notes_1_vn_25_Pirates.txt,data/aligned/URMP/test/25_Pirates_vn_vn_va_sax/Sco_25_Pirates_vn_vn_va_sax.xml,test,y,data/aligned/URMP/test/25_Pirates_vn_vn_va_sax/Notes_1_vn_25_Pirates.midi,data/aligned/URMP/test/25_Pirates_vn_vn_va_sax/Sco_25_Pirates_1.xml,alignments/alignment_25_Pirates_1.json
25,Pirates,2,vn,data/aligned/URMP/test/25_Pirates_vn_vn_va_sax/Notes_2_vn_25_Pirates.txt,data/aligned/URMP/test/25_Pirates_vn_vn_va_sax/Sco_25_Pirates_vn_vn_va_sax.xml,test,y,data/aligned/URMP/test/25_Pirates_vn_vn_va_sax/Notes_2_vn_25_Pirates.midi,data/aligned/URMP/test/25_Pirates_vn_vn_va_sax/Sco_25_Pirates_2.xml,alignments/alignment_25_Pirates_2.json
25,Pirates,3,va,data/aligned/URMP/test/25_Pirates_vn_vn_va_sax/Notes_3_va_25_Pirates.txt,data/aligned/URMP/test/25_Pirates_vn_vn_va_sax/Sco_25_Pirates_vn_vn_va_sax.xml,test,y,data/aligned/URMP/test/25_Pirates_vn_vn_va_sax/Notes_3_va_25_Pirates.midi,data/aligned/URMP/test/25_Pirates_vn_vn_va_sax/Sco_25_Pirates_3.xml,alignments/alignment_25_Pirates_3.json
25,Pirates,4,sax,data/aligned/URMP/test/25_Pirates_vn_vn_va_sax/Notes_4_sax_25_Pirates.txt,data/aligned/URMP/test/25_Pirates_vn_vn_va_sax/Sco_25_Pirates_vn_vn_va_sax.xml,test,y,data/aligned/URMP/test/25_Pirates_vn_vn_va_sax/Notes_4_sax_25_Pirates.midi,data/aligned/URMP/test/25_Pirates_vn_vn_va_sax/Sco_25_Pirates_4.xml,alignments/alignment_25_Pirates_4.json
26,King,1,vn,data/aligned/URMP/val/26_King_vn_vn_va_vc/Notes_1_vn_26_King.txt,data/aligned/URMP/val/26_King_vn_vn_va_vc/Sco_26_King_vn_vn_va_vc.xml,val,y,data/aligned/URMP/val/26_King_vn_vn_va_vc/Notes_1_vn_26_King.midi,data/aligned/URMP/val/26_King_vn_vn_va_vc/Sco_26_King_1.xml,alignments/alignment_26_King_1.json
26,King,2,vn,data/aligned/URMP/val/26_King_vn_vn_va_vc/Notes_2_vn_26_King.txt,data/aligned/URMP/val/26_King_vn_vn_va_vc/Sco_26_King_vn_vn_va_vc.xml,val,n,data/aligned/URMP/val/26_King_vn_vn_va_vc/Notes_2_vn_26_King.midi,data/aligned/URMP/val/26_King_vn_vn_va_vc/Sco_26_King_2.xml,alignments/alignment_26_King_2.json
26,King,3,va,data/aligned/URMP/val/26_King_vn_vn_va_vc/Notes_3_va_26_King.txt,data/aligned/URMP/val/26_King_vn_vn_va_vc/Sco_26_King_vn_vn_va_vc.xml,val,y,data/aligned/URMP/val/26_King_vn_vn_va_vc/Notes_3_va_26_King.midi,data/aligned/URMP/val/26_King_vn_vn_va_vc/Sco_26_King_3.xml,alignments/alignment_26_King_3.json
26,King,4,vc,data/aligned/URMP/val/26_King_vn_vn_va_vc/Notes_4_vc_26_King.txt,data/aligned/URMP/val/26_King_vn_vn_va_vc/Sco_26_King_vn_vn_va_vc.xml,val,n,data/aligned/URMP/val/26_King_vn_vn_va_vc/Notes_4_vc_26_King.midi,data/aligned/URMP/val/26_King_vn_vn_va_vc/Sco_26_King_4.xml,alignments/alignment_26_King_4.json
27,King,1,vn,data/aligned/URMP/val/27_King_vn_vn_va_sax/Notes_1_vn_27_King.txt,data/aligned/URMP/val/27_King_vn_vn_va_sax/Sco_27_King_vn_vn_va_sax.xml,val,y,data/aligned/URMP/val/27_King_vn_vn_va_sax/Notes_1_vn_27_King.midi,data/aligned/URMP/val/27_King_vn_vn_va_sax/Sco_27_King_1.xml,alignments/alignment_27_King_1.json
27,King,2,vn,data/aligned/URMP/val/27_King_vn_vn_va_sax/Notes_2_vn_27_King.txt,data/aligned/URMP/val/27_King_vn_vn_va_sax/Sco_27_King_vn_vn_va_sax.xml,val,n,data/aligned/URMP/val/27_King_vn_vn_va_sax/Notes_2_vn_27_King.midi,data/aligned/URMP/val/27_King_vn_vn_va_sax/Sco_27_King_2.xml,alignments/alignment_27_King_2.json
27,King,3,va,data/aligned/URMP/val/27_King_vn_vn_va_sax/Notes_3_va_27_King.txt,data/aligned/URMP/val/27_King_vn_vn_va_sax/Sco_27_King_vn_vn_va_sax.xml,val,y,data/aligned/URMP/val/27_King_vn_vn_va_sax/Notes_3_va_27_King.midi,data/aligned/URMP/val/27_King_vn_vn_va_sax/Sco_27_King_3.xml,alignments/alignment_27_King_3.json
27,King,4,sax,data/aligned/URMP/val/27_King_vn_vn_va_sax/Notes_4_sax_27_King.txt,data/aligned/URMP/val/27_King_vn_vn_va_sax/Sco_27_King_vn_vn_va_sax.xml,val,n,data/aligned/URMP/val/27_King_vn_vn_va_sax/Notes_4_sax_27_King.midi,data/aligned/URMP/val/27_King_vn_vn_va_sax/Sco_27_King_4.xml,alignments/alignment_27_King_4.json
28,Fugue,1,fl,data/aligned/URMP/val/28_Fugue_fl_ob_cl_bn/Notes_1_fl_28_Fugue.txt,data/aligned/URMP/val/28_Fugue_fl_ob_cl_bn/Sco_28_Fugue_fl_ob_cl_bn.xml,val,y,data/aligned/URMP/val/28_Fugue_fl_ob_cl_bn/Notes_1_fl_28_Fugue.midi,data/aligned/URMP/val/28_Fugue_fl_ob_cl_bn/Sco_28_Fugue_1.xml,alignments/alignment_28_Fugue_1.json
28,Fugue,2,ob,data/aligned/URMP/val/28_Fugue_fl_ob_cl_bn/Notes_2_ob_28_Fugue.txt,data/aligned/URMP/val/28_Fugue_fl_ob_cl_bn/Sco_28_Fugue_fl_ob_cl_bn.xml,val,y,data/aligned/URMP/val/28_Fugue_fl_ob_cl_bn/Notes_2_ob_28_Fugue.midi,data/aligned/URMP/val/28_Fugue_fl_ob_cl_bn/Sco_28_Fugue_2.xml,alignments/alignment_28_Fugue_2.json
28,Fugue,3,cl,data/aligned/URMP/val/28_Fugue_fl_ob_cl_bn/Notes_3_cl_28_Fugue.txt,data/aligned/URMP/val/28_Fugue_fl_ob_cl_bn/Sco_28_Fugue_fl_ob_cl_bn.xml,val,n,data/aligned/URMP/val/28_Fugue_fl_ob_cl_bn/Notes_3_cl_28_Fugue.midi,data/aligned/URMP/val/28_Fugue_fl_ob_cl_bn/Sco_28_Fugue_3.xml,alignments/alignment_28_Fugue_3.json
28,Fugue,4,bn,data/aligned/URMP/val/28_Fugue_fl_ob_cl_bn/Notes_4_bn_28_Fugue.txt,data/aligned/URMP/val/28_Fugue_fl_ob_cl_bn/Sco_28_Fugue_fl_ob_cl_bn.xml,val,y,data/aligned/URMP/val/28_Fugue_fl_ob_cl_bn/Notes_4_bn_28_Fugue.midi,data/aligned/URMP/val/28_Fugue_fl_ob_cl_bn/Sco_28_Fugue_4.xml,alignments/alignment_28_Fugue_4.json
29,Fugue,1,fl,data/aligned/URMP/val/29_Fugue_fl_fl_ob_cl/Notes_1_fl_29_Fugue.txt,data/aligned/URMP/val/29_Fugue_fl_fl_ob_cl/Sco_29_Fugue_fl_fl_ob_cl.xml,val,n,data/aligned/URMP/val/29_Fugue_fl_fl_ob_cl/Notes_1_fl_29_Fugue.midi,data/aligned/URMP/val/29_Fugue_fl_fl_ob_cl/Sco_29_Fugue_1.xml,alignments/alignment_29_Fugue_1.json
29,Fugue,2,fl,data/aligned/URMP/val/29_Fugue_fl_fl_ob_cl/Notes_2_fl_29_Fugue.txt,data/aligned/URMP/val/29_Fugue_fl_fl_ob_cl/Sco_29_Fugue_fl_fl_ob_cl.xml,val,n,data/aligned/URMP/val/29_Fugue_fl_fl_ob_cl/Notes_2_fl_29_Fugue.midi,data/aligned/URMP/val/29_Fugue_fl_fl_ob_cl/Sco_29_Fugue_2.xml,alignments/alignment_29_Fugue_2.json
29,Fugue,3,ob,data/aligned/URMP/val/29_Fugue_fl_fl_ob_cl/Notes_3_ob_29_Fugue.txt,data/aligned/URMP/val/29_Fugue_fl_fl_ob_cl/Sco_29_Fugue_fl_fl_ob_cl.xml,val,n,data/aligned/URMP/val/29_Fugue_fl_fl_ob_cl/Notes_3_ob_29_Fugue.midi,data/aligned/URMP/val/29_Fugue_fl_fl_ob_cl/Sco_29_Fugue_3.xml,alignments/alignment_29_Fugue_3.json
29,Fugue,4,cl,data/aligned/URMP/val/29_Fugue_fl_fl_ob_cl/Notes_4_cl_29_Fugue.txt,data/aligned/URMP/val/29_Fugue_fl_fl_ob_cl/Sco_29_Fugue_fl_fl_ob_cl.xml,val,n,data/aligned/URMP/val/29_Fugue_fl_fl_ob_cl/Notes_4_cl_29_Fugue.midi,data/aligned/URMP/val/29_Fugue_fl_fl_ob_cl/Sco_29_Fugue_4.xml,alignments/alignment_29_Fugue_4.json
30,Fugue,1,fl,data/aligned/URMP/val/30_Fugue_fl_fl_ob_sax/Notes_1_fl_30_Fugue.txt,data/aligned/URMP/val/30_Fugue_fl_fl_ob_sax/Sco_30_Fugue_fl_fl_ob_sax.xml,val,n,data/aligned/URMP/val/30_Fugue_fl_fl_ob_sax/Notes_1_fl_30_Fugue.midi,data/aligned/URMP/val/30_Fugue_fl_fl_ob_sax/Sco_30_Fugue_1.xml,alignments/alignment_30_Fugue_1.json
30,Fugue,2,fl,data/aligned/URMP/val/30_Fugue_fl_fl_ob_sax/Notes_2_fl_30_Fugue.txt,data/aligned/URMP/val/30_Fugue_fl_fl_ob_sax/Sco_30_Fugue_fl_fl_ob_sax.xml,val,n,data/aligned/URMP/val/30_Fugue_fl_fl_ob_sax/Notes_2_fl_30_Fugue.midi,data/aligned/URMP/val/30_Fugue_fl_fl_ob_sax/Sco_30_Fugue_2.xml,alignments/alignment_30_Fugue_2.json
30,Fugue,3,ob,data/aligned/URMP/val/30_Fugue_fl_fl_ob_sax/Notes_3_ob_30_Fugue.txt,data/aligned/URMP/val/30_Fugue_fl_fl_ob_sax/Sco_30_Fugue_fl_fl_ob_sax.xml,val,n,data/aligned/URMP/val/30_Fugue_fl_fl_ob_sax/Notes_3_ob_30_Fugue.midi,data/aligned/URMP/val/30_Fugue_fl_fl_ob_sax/Sco_30_Fugue_3.xml,alignments/alignment_30_Fugue_3.json
30,Fugue,4,sax,data/aligned/URMP/val/30_Fugue_fl_fl_ob_sax/Notes_4_sax_30_Fugue.txt,data/aligned/URMP/val/30_Fugue_fl_fl_ob_sax/Sco_30_Fugue_fl_fl_ob_sax.xml,val,n,data/aligned/URMP/val/30_Fugue_fl_fl_ob_sax/Notes_4_sax_30_Fugue.midi,data/aligned/URMP/val/30_Fugue_fl_fl_ob_sax/Sco_30_Fugue_4.xml,alignments/alignment_30_Fugue_4.json
31,Slavonic,1,tpt,data/aligned/URMP/test/31_Slavonic_tpt_tpt_hn_tbn/Notes_1_tpt_31_Slavonic.txt,data/aligned/URMP/test/31_Slavonic_tpt_tpt_hn_tbn/Sco_31_Slavonic_tpt_tpt_hn_tbn.xml,test,y,data/aligned/URMP/test/31_Slavonic_tpt_tpt_hn_tbn/Notes_1_tpt_31_Slavonic.midi,data/aligned/URMP/test/31_Slavonic_tpt_tpt_hn_tbn/Sco_31_Slavonic_1.xml,alignments/alignment_31_Slavonic_1.json
31,Slavonic,2,tpt,data/aligned/URMP/test/31_Slavonic_tpt_tpt_hn_tbn/Notes_2_tpt_31_Slavonic.txt,data/aligned/URMP/test/31_Slavonic_tpt_tpt_hn_tbn/Sco_31_Slavonic_tpt_tpt_hn_tbn.xml,test,y,data/aligned/URMP/test/31_Slavonic_tpt_tpt_hn_tbn/Notes_2_tpt_31_Slavonic.midi,data/aligned/URMP/test/31_Slavonic_tpt_tpt_hn_tbn/Sco_31_Slavonic_2.xml,alignments/alignment_31_Slavonic_2.json
31,Slavonic,3,hn,data/aligned/URMP/test/31_Slavonic_tpt_tpt_hn_tbn/Notes_3_hn_31_Slavonic.txt,data/aligned/URMP/test/31_Slavonic_tpt_tpt_hn_tbn/Sco_31_Slavonic_tpt_tpt_hn_tbn.xml,test,y,data/aligned/URMP/test/31_Slavonic_tpt_tpt_hn_tbn/Notes_3_hn_31_Slavonic.midi,data/aligned/URMP/test/31_Slavonic_tpt_tpt_hn_tbn/Sco_31_Slavonic_3.xml,alignments/alignment_31_Slavonic_3.json
31,Slavonic,4,tbn,data/aligned/URMP/test/31_Slavonic_tpt_tpt_hn_tbn/Notes_4_tbn_31_Slavonic.txt,data/aligned/URMP/test/31_Slavonic_tpt_tpt_hn_tbn/Sco_31_Slavonic_tpt_tpt_hn_tbn.xml,test,n,data/aligned/URMP/test/31_Slavonic_tpt_tpt_hn_tbn/Notes_4_tbn_31_Slavonic.midi,data/aligned/URMP/test/31_Slavonic_tpt_tpt_hn_tbn/Sco_31_Slavonic_4.xml,alignments/alignment_31_Slavonic_4.json
32,Fugue,1,vn,data/aligned/URMP/val/32_Fugue_vn_vn_va_vc/Notes_1_vn_32_Fugue.txt,data/aligned/URMP/val/32_Fugue_vn_vn_va_vc/Sco_32_Fugue_vn_vn_va_vc.xml,val,n,data/aligned/URMP/val/32_Fugue_vn_vn_va_vc/Notes_1_vn_32_Fugue.midi,data/aligned/URMP/val/32_Fugue_vn_vn_va_vc/Sco_32_Fugue_1.xml,alignments/alignment_32_Fugue_1.json
32,Fugue,2,vn,data/aligned/URMP/val/32_Fugue_vn_vn_va_vc/Notes_2_vn_32_Fugue.txt,data/aligned/URMP/val/32_Fugue_vn_vn_va_vc/Sco_32_Fugue_vn_vn_va_vc.xml,val,n,data/aligned/URMP/val/32_Fugue_vn_vn_va_vc/Notes_2_vn_32_Fugue.midi,data/aligned/URMP/val/32_Fugue_vn_vn_va_vc/Sco_32_Fugue_2.xml,alignments/alignment_32_Fugue_2.json
32,Fugue,3,va,data/aligned/URMP/val/32_Fugue_vn_vn_va_vc/Notes_3_va_32_Fugue.txt,data/aligned/URMP/val/32_Fugue_vn_vn_va_vc/Sco_32_Fugue_vn_vn_va_vc.xml,val,n,data/aligned/URMP/val/32_Fugue_vn_vn_va_vc/Notes_3_va_32_Fugue.midi,data/aligned/URMP/val/32_Fugue_vn_vn_va_vc/Sco_32_Fugue_3.xml,alignments/alignment_32_Fugue_3.json
32,Fugue,4,vc,data/aligned/URMP/val/32_Fugue_vn_vn_va_vc/Notes_4_vc_32_Fugue.txt,data/aligned/URMP/val/32_Fugue_vn_vn_va_vc/Sco_32_Fugue_vn_vn_va_vc.xml,val,y,data/aligned/URMP/val/32_Fugue_vn_vn_va_vc/Notes_4_vc_32_Fugue.midi,data/aligned/URMP/val/32_Fugue_vn_vn_va_vc/Sco_32_Fugue_4.xml,alignments/alignment_32_Fugue_4.json
33,Elise,1,tpt,data/aligned/URMP/test/33_Elise_tpt_tpt_hn_tbn/Notes_1_tpt_33_Elise.txt,data/aligned/URMP/test/33_Elise_tpt_tpt_hn_tbn/Sco_33_Elise_tpt_tpt_hn_tbn.xml,test,n,data/aligned/URMP/test/33_Elise_tpt_tpt_hn_tbn/Notes_1_tpt_33_Elise.midi,data/aligned/URMP/test/33_Elise_tpt_tpt_hn_tbn/Sco_33_Elise_1.xml,alignments/alignment_33_Elise_1.json
33,Elise,2,tpt,data/aligned/URMP/test/33_Elise_tpt_tpt_hn_tbn/Notes_2_tpt_33_Elise.txt,data/aligned/URMP/test/33_Elise_tpt_tpt_hn_tbn/Sco_33_Elise_tpt_tpt_hn_tbn.xml,test,n,data/aligned/URMP/test/33_Elise_tpt_tpt_hn_tbn/Notes_2_tpt_33_Elise.midi,data/aligned/URMP/test/33_Elise_tpt_tpt_hn_tbn/Sco_33_Elise_2.xml,alignments/alignment_33_Elise_2.json
33,Elise,3,hn,data/aligned/URMP/test/33_Elise_tpt_tpt_hn_tbn/Notes_3_hn_33_Elise.txt,data/aligned/URMP/test/33_Elise_tpt_tpt_hn_tbn/Sco_33_Elise_tpt_tpt_hn_tbn.xml,test,y,data/aligned/URMP/test/33_Elise_tpt_tpt_hn_tbn/Notes_3_hn_33_Elise.midi,data/aligned/URMP/test/33_Elise_tpt_tpt_hn_tbn/Sco_33_Elise_3.xml,alignments/alignment_33_Elise_3.json
33,Elise,4,tbn,data/aligned/URMP/test/33_Elise_tpt_tpt_hn_tbn/Notes_4_tbn_33_Elise.txt,data/aligned/URMP/test/33_Elise_tpt_tpt_hn_tbn/Sco_33_Elise_tpt_tpt_hn_tbn.xml,test,n,data/aligned/URMP/test/33_Elise_tpt_tpt_hn_tbn/Notes_4_tbn_33_Elise.midi,data/aligned/URMP/test/33_Elise_tpt_tpt_hn_tbn/Sco_33_Elise_4.xml,alignments/alignment_33_Elise_4.json
34,Fugue,1,tpt,data/aligned/URMP/val/34_Fugue_tpt_tpt_hn_tbn/Notes_1_tpt_34_Fugue.txt,data/aligned/URMP/val/34_Fugue_tpt_tpt_hn_tbn/Sco_34_Fugue_tpt_tpt_hn_tbn.xml,val,n,data/aligned/URMP/val/34_Fugue_tpt_tpt_hn_tbn/Notes_1_tpt_34_Fugue.midi,data/aligned/URMP/val/34_Fugue_tpt_tpt_hn_tbn/Sco_34_Fugue_1.xml,alignments/alignment_34_Fugue_1.json
34,Fugue,2,tpt,data/aligned/URMP/val/34_Fugue_tpt_tpt_hn_tbn/Notes_2_tpt_34_Fugue.txt,data/aligned/URMP/val/34_Fugue_tpt_tpt_hn_tbn/Sco_34_Fugue_tpt_tpt_hn_tbn.xml,val,n,data/aligned/URMP/val/34_Fugue_tpt_tpt_hn_tbn/Notes_2_tpt_34_Fugue.midi,data/aligned/URMP/val/34_Fugue_tpt_tpt_hn_tbn/Sco_34_Fugue_2.xml,alignments/alignment_34_Fugue_2.json
34,Fugue,3,hn,data/aligned/URMP/val/34_Fugue_tpt_tpt_hn_tbn/Notes_3_hn_34_Fugue.txt,data/aligned/URMP/val/34_Fugue_tpt_tpt_hn_tbn/Sco_34_Fugue_tpt_tpt_hn_tbn.xml,val,n,data/aligned/URMP/val/34_Fugue_tpt_tpt_hn_tbn/Notes_3_hn_34_Fugue.midi,data/aligned/URMP/val/34_Fugue_tpt_tpt_hn_tbn/Sco_34_Fugue_3.xml,alignments/alignment_34_Fugue_3.json
34,Fugue,4,tbn,data/aligned/URMP/val/34_Fugue_tpt_tpt_hn_tbn/Notes_4_tbn_34_Fugue.txt,data/aligned/URMP/val/34_Fugue_tpt_tpt_hn_tbn/Sco_34_Fugue_tpt_tpt_hn_tbn.xml,val,n,data/aligned/URMP/val/34_Fugue_tpt_tpt_hn_tbn/Notes_4_tbn_34_Fugue.midi,data/aligned/URMP/val/34_Fugue_tpt_tpt_hn_tbn/Sco_34_Fugue_4.xml,alignments/alignment_34_Fugue_4.json
35,Rondeau,1,vn,data/aligned/URMP/test/35_Rondeau_vn_vn_va_db/Notes_1_vn_35_Rondeau.txt,data/aligned/URMP/test/35_Rondeau_vn_vn_va_db/Sco_35_Rondeau_vn_vn_va_db.xml,test,y,data/aligned/URMP/test/35_Rondeau_vn_vn_va_db/Notes_1_vn_35_Rondeau.midi,data/aligned/URMP/test/35_Rondeau_vn_vn_va_db/Sco_35_Rondeau_1.xml,alignments/alignment_35_Rondeau_1.json
35,Rondeau,2,vn,data/aligned/URMP/test/35_Rondeau_vn_vn_va_db/Notes_2_vn_35_Rondeau.txt,data/aligned/URMP/test/35_Rondeau_vn_vn_va_db/Sco_35_Rondeau_vn_vn_va_db.xml,test,y,data/aligned/URMP/test/35_Rondeau_vn_vn_va_db/Notes_2_vn_35_Rondeau.midi,data/aligned/URMP/test/35_Rondeau_vn_vn_va_db/Sco_35_Rondeau_2.xml,alignments/alignment_35_Rondeau_2.json
35,Rondeau,3,va,data/aligned/URMP/test/35_Rondeau_vn_vn_va_db/Notes_3_va_35_Rondeau.txt,data/aligned/URMP/test/35_Rondeau_vn_vn_va_db/Sco_35_Rondeau_vn_vn_va_db.xml,test,y,data/aligned/URMP/test/35_Rondeau_vn_vn_va_db/Notes_3_va_35_Rondeau.midi,data/aligned/URMP/test/35_Rondeau_vn_vn_va_db/Sco_35_Rondeau_3.xml,alignments/alignment_35_Rondeau_3.json
35,Rondeau,4,db,data/aligned/URMP/test/35_Rondeau_vn_vn_va_db/Notes_4_db_35_Rondeau.txt,data/aligned/URMP/test/35_Rondeau_vn_vn_va_db/Sco_35_Rondeau_vn_vn_va_db.xml,test,n,data/aligned/URMP/test/35_Rondeau_vn_vn_va_db/Notes_4_db_35_Rondeau.midi,data/aligned/URMP/test/35_Rondeau_vn_vn_va_db/Sco_35_Rondeau_4.xml,alignments/alignment_35_Rondeau_4.json
36,Rondeau,1,vn,data/aligned/URMP/test/36_Rondeau_vn_vn_va_vc/Notes_1_vn_36_Rondeau.txt,data/aligned/URMP/test/36_Rondeau_vn_vn_va_vc/Sco_36_Rondeau_vn_vn_va_vc.xml,test,y,data/aligned/URMP/test/36_Rondeau_vn_vn_va_vc/Notes_1_vn_36_Rondeau.midi,data/aligned/URMP/test/36_Rondeau_vn_vn_va_vc/Sco_36_Rondeau_1.xml,alignments/alignment_36_Rondeau_1.json
36,Rondeau,2,vn,data/aligned/URMP/test/36_Rondeau_vn_vn_va_vc/Notes_2_vn_36_Rondeau.txt,data/aligned/URMP/test/36_Rondeau_vn_vn_va_vc/Sco_36_Rondeau_vn_vn_va_vc.xml,test,y,data/aligned/URMP/test/36_Rondeau_vn_vn_va_vc/Notes_2_vn_36_Rondeau.midi,data/aligned/URMP/test/36_Rondeau_vn_vn_va_vc/Sco_36_Rondeau_2.xml,alignments/alignment_36_Rondeau_2.json
36,Rondeau,3,va,data/aligned/URMP/test/36_Rondeau_vn_vn_va_vc/Notes_3_va_36_Rondeau.txt,data/aligned/URMP/test/36_Rondeau_vn_vn_va_vc/Sco_36_Rondeau_vn_vn_va_vc.xml,test,n,data/aligned/URMP/test/36_Rondeau_vn_vn_va_vc/Notes_3_va_36_Rondeau.midi,data/aligned/URMP/test/36_Rondeau_vn_vn_va_vc/Sco_36_Rondeau_3.xml,alignments/alignment_36_Rondeau_3.json
36,Rondeau,4,vc,data/aligned/URMP/test/36_Rondeau_vn_vn_va_vc/Notes_4_vc_36_Rondeau.txt,data/aligned/URMP/test/36_Rondeau_vn_vn_va_vc/Sco_36_Rondeau_vn_vn_va_vc.xml,test,y,data/aligned/URMP/test/36_Rondeau_vn_vn_va_vc/Notes_4_vc_36_Rondeau.midi,data/aligned/URMP/test/36_Rondeau_vn_vn_va_vc/Sco_36_Rondeau_4.xml,alignments/alignment_36_Rondeau_4.json
37,Rondeau,1,fl,data/aligned/URMP/test/37_Rondeau_fl_vn_va_cl/Notes_1_fl_37_Rondeau.txt,data/aligned/URMP/test/37_Rondeau_fl_vn_va_cl/Sco_37_Rondeau_fl_vn_va_cl.xml,test,y,data/aligned/URMP/test/37_Rondeau_fl_vn_va_cl/Notes_1_fl_37_Rondeau.midi,data/aligned/URMP/test/37_Rondeau_fl_vn_va_cl/Sco_37_Rondeau_1.xml,alignments/alignment_37_Rondeau_1.json
37,Rondeau,2,vn,data/aligned/URMP/test/37_Rondeau_fl_vn_va_cl/Notes_2_vn_37_Rondeau.txt,data/aligned/URMP/test/37_Rondeau_fl_vn_va_cl/Sco_37_Rondeau_fl_vn_va_cl.xml,test,y,data/aligned/URMP/test/37_Rondeau_fl_vn_va_cl/Notes_2_vn_37_Rondeau.midi,data/aligned/URMP/test/37_Rondeau_fl_vn_va_cl/Sco_37_Rondeau_2.xml,alignments/alignment_37_Rondeau_2.json
37,Rondeau,3,va,data/aligned/URMP/test/37_Rondeau_fl_vn_va_cl/Notes_3_va_37_Rondeau.txt,data/aligned/URMP/test/37_Rondeau_fl_vn_va_cl/Sco_37_Rondeau_fl_vn_va_cl.xml,test,n,data/aligned/URMP/test/37_Rondeau_fl_vn_va_cl/Notes_3_va_37_Rondeau.midi,data/aligned/URMP/test/37_Rondeau_fl_vn_va_cl/Sco_37_Rondeau_3.xml,alignments/alignment_37_Rondeau_3.json
37,Rondeau,4,cl,data/aligned/URMP/test/37_Rondeau_fl_vn_va_cl/Notes_4_cl_37_Rondeau.txt,data/aligned/URMP/test/37_Rondeau_fl_vn_va_cl/Sco_37_Rondeau_fl_vn_va_cl.xml,test,n,data/aligned/URMP/test/37_Rondeau_fl_vn_va_cl/Notes_4_cl_37_Rondeau.midi,data/aligned/URMP/test/37_Rondeau_fl_vn_va_cl/Sco_37_Rondeau_4.xml,alignments/alignment_37_Rondeau_4.json
38,Jerusalem,1,vn,data/aligned/URMP/test/38_Jerusalem_vn_vn_va_vc_db/Notes_1_vn_38_Jerusalem.txt,data/aligned/URMP/test/38_Jerusalem_vn_vn_va_vc_db/Sco_38_Jerusalem_vn_vn_va_vc_db.xml,test,n,data/aligned/URMP/test/38_Jerusalem_vn_vn_va_vc_db/Notes_1_vn_38_Jerusalem.midi,data/aligned/URMP/test/38_Jerusalem_vn_vn_va_vc_db/Sco_38_Jerusalem_1.xml,alignments/alignment_38_Jerusalem_1.json
38,Jerusalem,2,vn,data/aligned/URMP/test/38_Jerusalem_vn_vn_va_vc_db/Notes_2_vn_38_Jerusalem.txt,data/aligned/URMP/test/38_Jerusalem_vn_vn_va_vc_db/Sco_38_Jerusalem_vn_vn_va_vc_db.xml,test,n,data/aligned/URMP/test/38_Jerusalem_vn_vn_va_vc_db/Notes_2_vn_38_Jerusalem.midi,data/aligned/URMP/test/38_Jerusalem_vn_vn_va_vc_db/Sco_38_Jerusalem_2.xml,alignments/alignment_38_Jerusalem_2.json
38,Jerusalem,3,va,data/aligned/URMP/test/38_Jerusalem_vn_vn_va_vc_db/Notes_3_va_38_Jerusalem.txt,data/aligned/URMP/test/38_Jerusalem_vn_vn_va_vc_db/Sco_38_Jerusalem_vn_vn_va_vc_db.xml,test,n,data/aligned/URMP/test/38_Jerusalem_vn_vn_va_vc_db/Notes_3_va_38_Jerusalem.midi,data/aligned/URMP/test/38_Jerusalem_vn_vn_va_vc_db/Sco_38_Jerusalem_3.xml,alignments/alignment_38_Jerusalem_3.json
38,Jerusalem,4,vc,data/aligned/URMP/test/38_Jerusalem_vn_vn_va_vc_db/Notes_4_vc_38_Jerusalem.txt,data/aligned/URMP/test/38_Jerusalem_vn_vn_va_vc_db/Sco_38_Jerusalem_vn_vn_va_vc_db.xml,test,y,data/aligned/URMP/test/38_Jerusalem_vn_vn_va_vc_db/Notes_4_vc_38_Jerusalem.midi,data/aligned/URMP/test/38_Jerusalem_vn_vn_va_vc_db/Sco_38_Jerusalem_4.xml,alignments/alignment_38_Jerusalem_4.json
38,Jerusalem,5,db,data/aligned/URMP/test/38_Jerusalem_vn_vn_va_vc_db/Notes_5_db_38_Jerusalem.txt,data/aligned/URMP/test/38_Jerusalem_vn_vn_va_vc_db/Sco_38_Jerusalem_vn_vn_va_vc_db.xml,test,n,data/aligned/URMP/test/38_Jerusalem_vn_vn_va_vc_db/Notes_5_db_38_Jerusalem.midi,data/aligned/URMP/test/38_Jerusalem_vn_vn_va_vc_db/Sco_38_Jerusalem_5.xml,alignments/alignment_38_Jerusalem_5.json
39,Jerusalem,1,vn,data/aligned/URMP/test/39_Jerusalem_vn_vn_va_sax_db/Notes_1_vn_39_Jerusalem.txt,data/aligned/URMP/test/39_Jerusalem_vn_vn_va_sax_db/Sco_39_Jerusalem_vn_vn_va_sax_db.xml,test,n,data/aligned/URMP/test/39_Jerusalem_vn_vn_va_sax_db/Notes_1_vn_39_Jerusalem.midi,data/aligned/URMP/test/39_Jerusalem_vn_vn_va_sax_db/Sco_39_Jerusalem_1.xml,alignments/alignment_39_Jerusalem_1.json
39,Jerusalem,2,vn,data/aligned/URMP/test/39_Jerusalem_vn_vn_va_sax_db/Notes_2_vn_39_Jerusalem.txt,data/aligned/URMP/test/39_Jerusalem_vn_vn_va_sax_db/Sco_39_Jerusalem_vn_vn_va_sax_db.xml,test,n,data/aligned/URMP/test/39_Jerusalem_vn_vn_va_sax_db/Notes_2_vn_39_Jerusalem.midi,data/aligned/URMP/test/39_Jerusalem_vn_vn_va_sax_db/Sco_39_Jerusalem_2.xml,alignments/alignment_39_Jerusalem_2.json
39,Jerusalem,3,va,data/aligned/URMP/test/39_Jerusalem_vn_vn_va_sax_db/Notes_3_va_39_Jerusalem.txt,data/aligned/URMP/test/39_Jerusalem_vn_vn_va_sax_db/Sco_39_Jerusalem_vn_vn_va_sax_db.xml,test,n,data/aligned/URMP/test/39_Jerusalem_vn_vn_va_sax_db/Notes_3_va_39_Jerusalem.midi,data/aligned/URMP/test/39_Jerusalem_vn_vn_va_sax_db/Sco_39_Jerusalem_3.xml,alignments/alignment_39_Jerusalem_3.json
39,Jerusalem,4,sax,data/aligned/URMP/test/39_Jerusalem_vn_vn_va_sax_db/Notes_4_sax_39_Jerusalem.txt,data/aligned/URMP/test/39_Jerusalem_vn_vn_va_sax_db/Sco_39_Jerusalem_vn_vn_va_sax_db.xml,test,n,data/aligned/URMP/test/39_Jerusalem_vn_vn_va_sax_db/Notes_4_sax_39_Jerusalem.midi,data/aligned/URMP/test/39_Jerusalem_vn_vn_va_sax_db/Sco_39_Jerusalem_4.xml,alignments/alignment_39_Jerusalem_4.json
39,Jerusalem,5,db,data/aligned/URMP/test/39_Jerusalem_vn_vn_va_sax_db/Notes_5_db_39_Jerusalem.txt,data/aligned/URMP/test/39_Jerusalem_vn_vn_va_sax_db/Sco_39_Jerusalem_vn_vn_va_sax_db.xml,test,n,data/aligned/URMP/test/39_Jerusalem_vn_vn_va_sax_db/Notes_5_db_39_Jerusalem.midi,data/aligned/URMP/test/39_Jerusalem_vn_vn_va_sax_db/Sco_39_Jerusalem_5.xml,alignments/alignment_39_Jerusalem_5.json
40,Miserere,1,fl,data/aligned/URMP/test/40_Miserere_fl_fl_ob_cl_bn/Notes_1_fl_40_Miserere.txt,data/aligned/URMP/test/40_Miserere_fl_fl_ob_cl_bn/Sco_40_Miserere_fl_fl_ob_cl_bn.xml,test,n,data/aligned/URMP/test/40_Miserere_fl_fl_ob_cl_bn/Notes_1_fl_40_Miserere.midi,data/aligned/URMP/test/40_Miserere_fl_fl_ob_cl_bn/Sco_40_Miserere_1.xml,alignments/alignment_40_Miserere_1.json
40,Miserere,2,fl,data/aligned/URMP/test/40_Miserere_fl_fl_ob_cl_bn/Notes_2_fl_40_Miserere.txt,data/aligned/URMP/test/40_Miserere_fl_fl_ob_cl_bn/Sco_40_Miserere_fl_fl_ob_cl_bn.xml,test,y,data/aligned/URMP/test/40_Miserere_fl_fl_ob_cl_bn/Notes_2_fl_40_Miserere.midi,data/aligned/URMP/test/40_Miserere_fl_fl_ob_cl_bn/Sco_40_Miserere_2.xml,alignments/alignment_40_Miserere_2.json
40,Miserere,3,ob,data/aligned/URMP/test/40_Miserere_fl_fl_ob_cl_bn/Notes_3_ob_40_Miserere.txt,data/aligned/URMP/test/40_Miserere_fl_fl_ob_cl_bn/Sco_40_Miserere_fl_fl_ob_cl_bn.xml,test,n,data/aligned/URMP/test/40_Miserere_fl_fl_ob_cl_bn/Notes_3_ob_40_Miserere.midi,data/aligned/URMP/test/40_Miserere_fl_fl_ob_cl_bn/Sco_40_Miserere_3.xml,alignments/alignment_40_Miserere_3.json
40,Miserere,4,cl,data/aligned/URMP/test/40_Miserere_fl_fl_ob_cl_bn/Notes_4_cl_40_Miserere.txt,data/aligned/URMP/test/40_Miserere_fl_fl_ob_cl_bn/Sco_40_Miserere_fl_fl_ob_cl_bn.xml,test,n,data/aligned/URMP/test/40_Miserere_fl_fl_ob_cl_bn/Notes_4_cl_40_Miserere.midi,data/aligned/URMP/test/40_Miserere_fl_fl_ob_cl_bn/Sco_40_Miserere_4.xml,alignments/alignment_40_Miserere_4.json
40,Miserere,5,bn,data/aligned/URMP/test/40_Miserere_fl_fl_ob_cl_bn/Notes_5_bn_40_Miserere.txt,data/aligned/URMP/test/40_Miserere_fl_fl_ob_cl_bn/Sco_40_Miserere_fl_fl_ob_cl_bn.xml,test,y,data/aligned/URMP/test/40_Miserere_fl_fl_ob_cl_bn/Notes_5_bn_40_Miserere.midi,data/aligned/URMP/test/40_Miserere_fl_fl_ob_cl_bn/Sco_40_Miserere_5.xml,alignments/alignment_40_Miserere_5.json
41,Miserere,1,fl,data/aligned/URMP/test/41_Miserere_fl_fl_ob_sax_bn/Notes_1_fl_41_Miserere.txt,data/aligned/URMP/test/41_Miserere_fl_fl_ob_sax_bn/Sco_41_Miserere_fl_fl_ob_sax_bn.xml,test,n,data/aligned/URMP/test/41_Miserere_fl_fl_ob_sax_bn/Notes_1_fl_41_Miserere.midi,data/aligned/URMP/test/41_Miserere_fl_fl_ob_sax_bn/Sco_41_Miserere_1.xml,alignments/alignment_41_Miserere_1.json
41,Miserere,2,fl,data/aligned/URMP/test/41_Miserere_fl_fl_ob_sax_bn/Notes_2_fl_41_Miserere.txt,data/aligned/URMP/test/41_Miserere_fl_fl_ob_sax_bn/Sco_41_Miserere_fl_fl_ob_sax_bn.xml,test,y,data/aligned/URMP/test/41_Miserere_fl_fl_ob_sax_bn/Notes_2_fl_41_Miserere.midi,data/aligned/URMP/test/41_Miserere_fl_fl_ob_sax_bn/Sco_41_Miserere_2.xml,alignments/alignment_41_Miserere_2.json
41,Miserere,3,ob,data/aligned/URMP/test/41_Miserere_fl_fl_ob_sax_bn/Notes_3_ob_41_Miserere.txt,data/aligned/URMP/test/41_Miserere_fl_fl_ob_sax_bn/Sco_41_Miserere_fl_fl_ob_sax_bn.xml,test,n,data/aligned/URMP/test/41_Miserere_fl_fl_ob_sax_bn/Notes_3_ob_41_Miserere.midi,data/aligned/URMP/test/41_Miserere_fl_fl_ob_sax_bn/Sco_41_Miserere_3.xml,alignments/alignment_41_Miserere_3.json
41,Miserere,4,sax,data/aligned/URMP/test/41_Miserere_fl_fl_ob_sax_bn/Notes_4_sax_41_Miserere.txt,data/aligned/URMP/test/41_Miserere_fl_fl_ob_sax_bn/Sco_41_Miserere_fl_fl_ob_sax_bn.xml,test,n,data/aligned/URMP/test/41_Miserere_fl_fl_ob_sax_bn/Notes_4_sax_41_Miserere.midi,data/aligned/URMP/test/41_Miserere_fl_fl_ob_sax_bn/Sco_41_Miserere_4.xml,alignments/alignment_41_Miserere_4.json
41,Miserere,5,bn,data/aligned/URMP/test/41_Miserere_fl_fl_ob_sax_bn/Notes_5_bn_41_Miserere.txt,data/aligned/URMP/test/41_Miserere_fl_fl_ob_sax_bn/Sco_41_Miserere_fl_fl_ob_sax_bn.xml,test,y,data/aligned/URMP/test/41_Miserere_fl_fl_ob_sax_bn/Notes_5_bn_41_Miserere.midi,data/aligned/URMP/test/41_Miserere_fl_fl_ob_sax_bn/Sco_41_Miserere_5.xml,alignments/alignment_41_Miserere_5.json
42,Arioso,1,tpt,data/aligned/URMP/test/42_Arioso_tpt_tpt_hn_tbn_tba/Notes_1_tpt_42_Arioso.txt,data/aligned/URMP/test/42_Arioso_tpt_tpt_hn_tbn_tba/Sco_42_Arioso_tpt_tpt_hn_tbn_tba.xml,test,n,data/aligned/URMP/test/42_Arioso_tpt_tpt_hn_tbn_tba/Notes_1_tpt_42_Arioso.midi,data/aligned/URMP/test/42_Arioso_tpt_tpt_hn_tbn_tba/Sco_42_Arioso_1.xml,alignments/alignment_42_Arioso_1.json
42,Arioso,2,tpt,data/aligned/URMP/test/42_Arioso_tpt_tpt_hn_tbn_tba/Notes_2_tpt_42_Arioso.txt,data/aligned/URMP/test/42_Arioso_tpt_tpt_hn_tbn_tba/Sco_42_Arioso_tpt_tpt_hn_tbn_tba.xml,test,n,data/aligned/URMP/test/42_Arioso_tpt_tpt_hn_tbn_tba/Notes_2_tpt_42_Arioso.midi,data/aligned/URMP/test/42_Arioso_tpt_tpt_hn_tbn_tba/Sco_42_Arioso_2.xml,alignments/alignment_42_Arioso_2.json
42,Arioso,3,hn,data/aligned/URMP/test/42_Arioso_tpt_tpt_hn_tbn_tba/Notes_3_hn_42_Arioso.txt,data/aligned/URMP/test/42_Arioso_tpt_tpt_hn_tbn_tba/Sco_42_Arioso_tpt_tpt_hn_tbn_tba.xml,test,y,data/aligned/URMP/test/42_Arioso_tpt_tpt_hn_tbn_tba/Notes_3_hn_42_Arioso.midi,data/aligned/URMP/test/42_Arioso_tpt_tpt_hn_tbn_tba/Sco_42_Arioso_3.xml,alignments/alignment_42_Arioso_3.json
42,Arioso,4,tbn,data/aligned/URMP/test/42_Arioso_tpt_tpt_hn_tbn_tba/Notes_4_tbn_42_Arioso.txt,data/aligned/URMP/test/42_Arioso_tpt_tpt_hn_tbn_tba/Sco_42_Arioso_tpt_tpt_hn_tbn_tba.xml,test,n,data/aligned/URMP/test/42_Arioso_tpt_tpt_hn_tbn_tba/Notes_4_tbn_42_Arioso.midi,data/aligned/URMP/test/42_Arioso_tpt_tpt_hn_tbn_tba/Sco_42_Arioso_4.xml,alignments/alignment_42_Arioso_4.json
42,Arioso,5,tba,data/aligned/URMP/test/42_Arioso_tpt_tpt_hn_tbn_tba/Notes_5_tba_42_Arioso.txt,data/aligned/URMP/test/42_Arioso_tpt_tpt_hn_tbn_tba/Sco_42_Arioso_tpt_tpt_hn_tbn_tba.xml,test,y,data/aligned/URMP/test/42_Arioso_tpt_tpt_hn_tbn_tba/Notes_5_tba_42_Arioso.midi,data/aligned/URMP/test/42_Arioso_tpt_tpt_hn_tbn_tba/Sco_42_Arioso_5.xml,alignments/alignment_42_Arioso_5.json
43,Chorale,1,tpt,data/aligned/URMP/val/43_Chorale_tpt_tpt_hn_tbn_tba/Notes_1_tpt_43_Chorale.txt,data/aligned/URMP/val/43_Chorale_tpt_tpt_hn_tbn_tba/Sco_43_Chorale_tpt_tpt_hn_tbn_tba.xml,val,n,data/aligned/URMP/val/43_Chorale_tpt_tpt_hn_tbn_tba/Notes_1_tpt_43_Chorale.midi,data/aligned/URMP/val/43_Chorale_tpt_tpt_hn_tbn_tba/Sco_43_Chorale_1.xml,alignments/alignment_43_Chorale_1.json
43,Chorale,2,tpt,data/aligned/URMP/val/43_Chorale_tpt_tpt_hn_tbn_tba/Notes_2_tpt_43_Chorale.txt,data/aligned/URMP/val/43_Chorale_tpt_tpt_hn_tbn_tba/Sco_43_Chorale_tpt_tpt_hn_tbn_tba.xml,val,n,data/aligned/URMP/val/43_Chorale_tpt_tpt_hn_tbn_tba/Notes_2_tpt_43_Chorale.midi,data/aligned/URMP/val/43_Chorale_tpt_tpt_hn_tbn_tba/Sco_43_Chorale_2.xml,alignments/alignment_43_Chorale_2.json
43,Chorale,3,hn,data/aligned/URMP/val/43_Chorale_tpt_tpt_hn_tbn_tba/Notes_3_hn_43_Chorale.txt,data/aligned/URMP/val/43_Chorale_tpt_tpt_hn_tbn_tba/Sco_43_Chorale_tpt_tpt_hn_tbn_tba.xml,val,n,data/aligned/URMP/val/43_Chorale_tpt_tpt_hn_tbn_tba/Notes_3_hn_43_Chorale.midi,data/aligned/URMP/val/43_Chorale_tpt_tpt_hn_tbn_tba/Sco_43_Chorale_3.xml,alignments/alignment_43_Chorale_3.json
43,Chorale,4,tbn,data/aligned/URMP/val/43_Chorale_tpt_tpt_hn_tbn_tba/Notes_4_tbn_43_Chorale.txt,data/aligned/URMP/val/43_Chorale_tpt_tpt_hn_tbn_tba/Sco_43_Chorale_tpt_tpt_hn_tbn_tba.xml,val,y,data/aligned/URMP/val/43_Chorale_tpt_tpt_hn_tbn_tba/Notes_4_tbn_43_Chorale.midi,data/aligned/URMP/val/43_Chorale_tpt_tpt_hn_tbn_tba/Sco_43_Chorale_4.xml,alignments/alignment_43_Chorale_4.json
43,Chorale,5,tba,data/aligned/URMP/val/43_Chorale_tpt_tpt_hn_tbn_tba/Notes_5_tba_43_Chorale.txt,data/aligned/URMP/val/43_Chorale_tpt_tpt_hn_tbn_tba/Sco_43_Chorale_tpt_tpt_hn_tbn_tba.xml,val,y,data/aligned/URMP/val/43_Chorale_tpt_tpt_hn_tbn_tba/Notes_5_tba_43_Chorale.midi,data/aligned/URMP/val/43_Chorale_tpt_tpt_hn_tbn_tba/Sco_43_Chorale_5.xml,alignments/alignment_43_Chorale_5.json
44,K515,1,vn,data/aligned/URMP/test/44_K515_vn_vn_va_va_vc/Notes_1_vn_44_K515.txt,data/aligned/URMP/test/44_K515_vn_vn_va_va_vc/Sco_44_K515_vn_vn_va_va_vc.xml,test,y,data/aligned/URMP/test/44_K515_vn_vn_va_va_vc/Notes_1_vn_44_K515.midi,data/aligned/URMP/test/44_K515_vn_vn_va_va_vc/Sco_44_K515_1.xml,alignments/alignment_44_K515_1.json
44,K515,2,vn,data/aligned/URMP/test/44_K515_vn_vn_va_va_vc/Notes_2_vn_44_K515.txt,data/aligned/URMP/test/44_K515_vn_vn_va_va_vc/Sco_44_K515_vn_vn_va_va_vc.xml,test,n,data/aligned/URMP/test/44_K515_vn_vn_va_va_vc/Notes_2_vn_44_K515.midi,data/aligned/URMP/test/44_K515_vn_vn_va_va_vc/Sco_44_K515_2.xml,alignments/alignment_44_K515_2.json
44,K515,3,va,data/aligned/URMP/test/44_K515_vn_vn_va_va_vc/Notes_3_va_44_K515.txt,data/aligned/URMP/test/44_K515_vn_vn_va_va_vc/Sco_44_K515_vn_vn_va_va_vc.xml,test,y,data/aligned/URMP/test/44_K515_vn_vn_va_va_vc/Notes_3_va_44_K515.midi,data/aligned/URMP/test/44_K515_vn_vn_va_va_vc/Sco_44_K515_3.xml,alignments/alignment_44_K515_3.json
44,K515,4,va,data/aligned/URMP/test/44_K515_vn_vn_va_va_vc/Notes_4_va_44_K515.txt,data/aligned/URMP/test/44_K515_vn_vn_va_va_vc/Sco_44_K515_vn_vn_va_va_vc.xml,test,y,data/aligned/URMP/test/44_K515_vn_vn_va_va_vc/Notes_4_va_44_K515.midi,data/aligned/URMP/test/44_K515_vn_vn_va_va_vc/Sco_44_K515_4.xml,alignments/alignment_44_K515_4.json
44,K515,5,vc,data/aligned/URMP/test/44_K515_vn_vn_va_va_vc/Notes_5_vc_44_K515.txt,data/aligned/URMP/test/44_K515_vn_vn_va_va_vc/Sco_44_K515_vn_vn_va_va_vc.xml,test,y,data/aligned/URMP/test/44_K515_vn_vn_va_va_vc/Notes_5_vc_44_K515.midi,data/aligned/URMP/test/44_K515_vn_vn_va_va_vc/Sco_44_K515_5.xml,alignments/alignment_44_K515_5.json
