piece_id,piece_name,part_id,instrument,notes_path,score_path,split,rhythmic_precision,perf_midi_paths
1,Jupiter,1,vn,data/aligned/URMP/val/01_Jupiter_vn_vc/Notes_1_vn_01_Jupiter.txt,data/aligned/URMP/val/01_Jupiter_vn_vc/Sco_01_Jupiter_vn_vc.xml,val,y,data/aligned/URMP/val/01_Jupiter_vn_vc/Notes_1_vn_01_Jupiter.midi
1,Jupiter,2,vc,data/aligned/URMP/val/01_Jupiter_vn_vc/Notes_2_vc_01_Jupiter.txt,data/aligned/URMP/val/01_Jupiter_vn_vc/Sco_01_Jupiter_vn_vc.xml,val,y,data/aligned/URMP/val/01_Jupiter_vn_vc/Notes_2_vc_01_Jupiter.midi
2,Sonata,1,vn,data/aligned/URMP/test/02_Sonata_vn_vn/Notes_1_vn_02_Sonata.txt,data/aligned/URMP/test/02_Sonata_vn_vn/Sco_02_Sonata_vn_vn.xml,test,y,data/aligned/URMP/test/02_Sonata_vn_vn/Notes_1_vn_02_Sonata.midi
2,Sonata,2,vn,data/aligned/URMP/test/02_Sonata_vn_vn/Notes_2_vn_02_Sonata.txt,data/aligned/URMP/test/02_Sonata_vn_vn/Sco_02_Sonata_vn_vn.xml,test,y,data/aligned/URMP/test/02_Sonata_vn_vn/Notes_2_vn_02_Sonata.midi
3,Dance,1,fl,data/aligned/URMP/val/03_Dance_fl_cl/Notes_1_fl_03_Dance.txt,data/aligned/URMP/val/03_Dance_fl_cl/Sco_03_Dance_fl_cl.xml,val,y,data/aligned/URMP/val/03_Dance_fl_cl/Notes_1_fl_03_Dance.midi
3,Dance,2,cl,data/aligned/URMP/val/03_Dance_fl_cl/Notes_2_cl_03_Dance.txt,data/aligned/URMP/val/03_Dance_fl_cl/Sco_03_Dance_fl_cl.xml,val,y,data/aligned/URMP/val/03_Dance_fl_cl/Notes_2_cl_03_Dance.midi
4,Allegro,1,fl,data/aligned/URMP/val/04_Allegro_fl_fl/Notes_1_fl_04_Allegro.txt,data/aligned/URMP/val/04_Allegro_fl_fl/Sco_04_Allegro_fl_fl.xml,val,y,data/aligned/URMP/val/04_Allegro_fl_fl/Notes_1_fl_04_Allegro.midi
4,Allegro,2,fl,data/aligned/URMP/val/04_Allegro_fl_fl/Notes_2_fl_04_Allegro.txt,data/aligned/URMP/val/04_Allegro_fl_fl/Sco_04_Allegro_fl_fl.xml,val,y,data/aligned/URMP/val/04_Allegro_fl_fl/Notes_2_fl_04_Allegro.midi
5,Entertainer,1,tpt,data/aligned/URMP/val/05_Entertainer_tpt_tpt/Notes_1_tpt_05_Entertainer.txt,data/aligned/URMP/val/05_Entertainer_tpt_tpt/Sco_05_Entertainer_tpt_tpt.xml,val,n,data/aligned/URMP/val/05_Entertainer_tpt_tpt/Notes_1_tpt_05_Entertainer.midi
5,Entertainer,2,tpt,data/aligned/URMP/val/05_Entertainer_tpt_tpt/Notes_2_tpt_05_Entertainer.txt,data/aligned/URMP/val/05_Entertainer_tpt_tpt/Sco_05_Entertainer_tpt_tpt.xml,val,n,data/aligned/URMP/val/05_Entertainer_tpt_tpt/Notes_2_tpt_05_Entertainer.midi
6,Entertainer,1,sax,data/aligned/URMP/val/06_Entertainer_sax_sax/Notes_1_sax_06_Entertainer.txt,data/aligned/URMP/val/06_Entertainer_sax_sax/Sco_06_Entertainer_sax_sax.xml,val,n,data/aligned/URMP/val/06_Entertainer_sax_sax/Notes_1_sax_06_Entertainer.midi
6,Entertainer,2,sax,data/aligned/URMP/val/06_Entertainer_sax_sax/Notes_2_sax_06_Entertainer.txt,data/aligned/URMP/val/06_Entertainer_sax_sax/Sco_06_Entertainer_sax_sax.xml,val,n,data/aligned/URMP/val/06_Entertainer_sax_sax/Notes_2_sax_06_Entertainer.midi
7,GString,1,tpt,data/aligned/URMP/val/07_GString_tpt_tbn/Notes_1_tpt_07_GString.txt,data/aligned/URMP/val/07_GString_tpt_tbn/Sco_07_GString_tpt_tbn.xml,val,n,data/aligned/URMP/val/07_GString_tpt_tbn/Notes_1_tpt_07_GString.midi
7,GString,2,tbn,data/aligned/URMP/val/07_GString_tpt_tbn/Notes_2_tbn_07_GString.txt,data/aligned/URMP/val/07_GString_tpt_tbn/Sco_07_GString_tpt_tbn.xml,val,n,data/aligned/URMP/val/07_GString_tpt_tbn/Notes_2_tbn_07_GString.midi
8,Spring,1,fl,data/aligned/URMP/test/08_Spring_fl_vn/Notes_1_fl_08_Spring.txt,data/aligned/URMP/test/08_Spring_fl_vn/Sco_08_Spring_fl_vn.xml,test,y,data/aligned/URMP/test/08_Spring_fl_vn/Notes_1_fl_08_Spring.midi
8,Spring,2,vn,data/aligned/URMP/test/08_Spring_fl_vn/Notes_2_vn_08_Spring.txt,data/aligned/URMP/test/08_Spring_fl_vn/Sco_08_Spring_fl_vn.xml,test,y,data/aligned/URMP/test/08_Spring_fl_vn/Notes_2_vn_08_Spring.midi
9,Jesus,1,tpt,data/aligned/URMP/test/09_Jesus_tpt_vn/Notes_1_tpt_09_Jesus.txt,data/aligned/URMP/test/09_Jesus_tpt_vn/Sco_09_Jesus_tpt_vn.xml,test,n,data/aligned/URMP/test/09_Jesus_tpt_vn/Notes_1_tpt_09_Jesus.midi
9,Jesus,2,vn,data/aligned/URMP/test/09_Jesus_tpt_vn/Notes_2_vn_09_Jesus.txt,data/aligned/URMP/test/09_Jesus_tpt_vn/Sco_09_Jesus_tpt_vn.xml,test,n,data/aligned/URMP/test/09_Jesus_tpt_vn/Notes_2_vn_09_Jesus.midi
10,March,1,tpt,data/aligned/URMP/test/10_March_tpt_sax/Notes_1_tpt_10_March.txt,data/aligned/URMP/test/10_March_tpt_sax/Sco_10_March_tpt_sax.xml,test,n,data/aligned/URMP/test/10_March_tpt_sax/Notes_1_tpt_10_March.midi
10,March,2,sax,data/aligned/URMP/test/10_March_tpt_sax/Notes_2_sax_10_March.txt,data/aligned/URMP/test/10_March_tpt_sax/Sco_10_March_tpt_sax.xml,test,n,data/aligned/URMP/test/10_March_tpt_sax/Notes_2_sax_10_March.midi
11,Maria,1,ob,data/aligned/URMP/test/11_Maria_ob_vc/Notes_1_ob_11_Maria.txt,data/aligned/URMP/test/11_Maria_ob_vc/Sco_11_Maria_ob_vc.xml,test,n,data/aligned/URMP/test/11_Maria_ob_vc/Notes_1_ob_11_Maria.midi
11,Maria,2,vc,data/aligned/URMP/test/11_Maria_ob_vc/Notes_2_vc_11_Maria.txt,data/aligned/URMP/test/11_Maria_ob_vc/Sco_11_Maria_ob_vc.xml,test,n,data/aligned/URMP/test/11_Maria_ob_vc/Notes_2_vc_11_Maria.midi
12,Spring,1,vn,data/aligned/URMP/test/12_Spring_vn_vn_vc/Notes_1_vn_12_Spring.txt,data/aligned/URMP/test/12_Spring_vn_vn_vc/Sco_12_Spring_vn_vn_vc.xml,test,y,data/aligned/URMP/test/12_Spring_vn_vn_vc/Notes_1_vn_12_Spring.midi
12,Spring,2,vn,data/aligned/URMP/test/12_Spring_vn_vn_vc/Notes_2_vn_12_Spring.txt,data/aligned/URMP/test/12_Spring_vn_vn_vc/Sco_12_Spring_vn_vn_vc.xml,test,y,data/aligned/URMP/test/12_Spring_vn_vn_vc/Notes_2_vn_12_Spring.midi
12,Spring,3,vc,data/aligned/URMP/test/12_Spring_vn_vn_vc/Notes_3_vc_12_Spring.txt,data/aligned/URMP/test/12_Spring_vn_vn_vc/Sco_12_Spring_vn_vn_vc.xml,test,y,data/aligned/URMP/test/12_Spring_vn_vn_vc/Notes_3_vc_12_Spring.midi
13,Hark,1,vn,data/aligned/URMP/test/13_Hark_vn_vn_va/Notes_1_vn_13_Hark.txt,data/aligned/URMP/test/13_Hark_vn_vn_va/Sco_13_Hark_vn_vn_va.xml,test,y,data/aligned/URMP/test/13_Hark_vn_vn_va/Notes_1_vn_13_Hark.midi
13,Hark,2,vn,data/aligned/URMP/test/13_Hark_vn_vn_va/Notes_2_vn_13_Hark.txt,data/aligned/URMP/test/13_Hark_vn_vn_va/Sco_13_Hark_vn_vn_va.xml,test,y,data/aligned/URMP/test/13_Hark_vn_vn_va/Notes_2_vn_13_Hark.midi
13,Hark,3,va,data/aligned/URMP/test/13_Hark_vn_vn_va/Notes_3_va_13_Hark.txt,data/aligned/URMP/test/13_Hark_vn_vn_va/Sco_13_Hark_vn_vn_va.xml,test,y,data/aligned/URMP/test/13_Hark_vn_vn_va/Notes_3_va_13_Hark.midi
14,Waltz,1,fl,data/aligned/URMP/test/14_Waltz_fl_fl_cl/Notes_1_fl_14_Waltz.txt,data/aligned/URMP/test/14_Waltz_fl_fl_cl/Sco_14_Waltz_fl_fl_cl.xml,test,y,data/aligned/URMP/test/14_Waltz_fl_fl_cl/Notes_1_fl_14_Waltz.midi
14,Waltz,2,fl,data/aligned/URMP/test/14_Waltz_fl_fl_cl/Notes_2_fl_14_Waltz.txt,data/aligned/URMP/test/14_Waltz_fl_fl_cl/Sco_14_Waltz_fl_fl_cl.xml,test,y,data/aligned/URMP/test/14_Waltz_fl_fl_cl/Notes_2_fl_14_Waltz.midi
14,Waltz,3,cl,data/aligned/URMP/test/14_Waltz_fl_fl_cl/Notes_3_cl_14_Waltz.txt,data/aligned/URMP/test/14_Waltz_fl_fl_cl/Sco_14_Waltz_fl_fl_cl.xml,test,y,data/aligned/URMP/test/14_Waltz_fl_fl_cl/Notes_3_cl_14_Waltz.midi
15,Surprise,1,tpt,data/aligned/URMP/val/15_Surprise_tpt_tpt_tbn/Notes_1_tpt_15_Surprise.txt,data/aligned/URMP/val/15_Surprise_tpt_tpt_tbn/Sco_15_Surprise_tpt_tpt_tbn.xml,val,n,data/aligned/URMP/val/15_Surprise_tpt_tpt_tbn/Notes_1_tpt_15_Surprise.midi
15,Surprise,2,tpt,data/aligned/URMP/val/15_Surprise_tpt_tpt_tbn/Notes_2_tpt_15_Surprise.txt,data/aligned/URMP/val/15_Surprise_tpt_tpt_tbn/Sco_15_Surprise_tpt_tpt_tbn.xml,val,n,data/aligned/URMP/val/15_Surprise_tpt_tpt_tbn/Notes_2_tpt_15_Surprise.midi
15,Surprise,3,tpt,data/aligned/URMP/val/15_Surprise_tpt_tpt_tbn/Notes_3_tpt_15_Surprise.txt,data/aligned/URMP/val/15_Surprise_tpt_tpt_tbn/Sco_15_Surprise_tpt_tpt_tbn.xml,val,n,data/aligned/URMP/val/15_Surprise_tpt_tpt_tbn/Notes_3_tpt_15_Surprise.midi
16,Surprise,1,tpt,data/aligned/URMP/val/16_Surprise_tpt_tpt_sax/Notes_1_tpt_16_Surprise.txt,data/aligned/URMP/val/16_Surprise_tpt_tpt_sax/Sco_16_Surprise_tpt_tpt_sax.xml,val,n,data/aligned/URMP/val/16_Surprise_tpt_tpt_sax/Notes_1_tpt_16_Surprise.midi
16,Surprise,2,tpt,data/aligned/URMP/val/16_Surprise_tpt_tpt_sax/Notes_2_tpt_16_Surprise.txt,data/aligned/URMP/val/16_Surprise_tpt_tpt_sax/Sco_16_Surprise_tpt_tpt_sax.xml,val,n,data/aligned/URMP/val/16_Surprise_tpt_tpt_sax/Notes_2_tpt_16_Surprise.midi
16,Surprise,3,sax,data/aligned/URMP/val/16_Surprise_tpt_tpt_sax/Notes_3_sax_16_Surprise.txt,data/aligned/URMP/val/16_Surprise_tpt_tpt_sax/Sco_16_Surprise_tpt_tpt_sax.xml,val,n,data/aligned/URMP/val/16_Surprise_tpt_tpt_sax/Notes_3_sax_16_Surprise.midi
17,Nocturne,1,vn,data/aligned/URMP/val/17_Nocturne_vn_fl_cl/Notes_1_vn_17_Nocturne.txt,data/aligned/URMP/val/17_Nocturne_vn_fl_cl/Sco_17_Nocturne_vn_fl_cl.xml,val,y,data/aligned/URMP/val/17_Nocturne_vn_fl_cl/Notes_1_vn_17_Nocturne.midi
17,Nocturne,2,fl,data/aligned/URMP/val/17_Nocturne_vn_fl_cl/Notes_2_fl_17_Nocturne.txt,data/aligned/URMP/val/17_Nocturne_vn_fl_cl/Sco_17_Nocturne_vn_fl_cl.xml,val,y,data/aligned/URMP/val/17_Nocturne_vn_fl_cl/Notes_2_fl_17_Nocturne.midi
17,Nocturne,3,cl,data/aligned/URMP/val/17_Nocturne_vn_fl_cl/Notes_3_cl_17_Nocturne.txt,data/aligned/URMP/val/17_Nocturne_vn_fl_cl/Sco_17_Nocturne_vn_fl_cl.xml,val,y,data/aligned/URMP/val/17_Nocturne_vn_fl_cl/Notes_3_cl_17_Nocturne.midi
18,Nocturne,1,vn,data/aligned/URMP/val/18_Nocturne_vn_fl_tpt/Notes_1_vn_18_Nocturne.txt,data/aligned/URMP/val/18_Nocturne_vn_fl_tpt/Sco_18_Nocturne_vn_fl_tpt.xml,val,y,data/aligned/URMP/val/18_Nocturne_vn_fl_tpt/Notes_1_vn_18_Nocturne.midi
18,Nocturne,2,fl,data/aligned/URMP/val/18_Nocturne_vn_fl_tpt/Notes_2_fl_18_Nocturne.txt,data/aligned/URMP/val/18_Nocturne_vn_fl_tpt/Sco_18_Nocturne_vn_fl_tpt.xml,val,y,data/aligned/URMP/val/18_Nocturne_vn_fl_tpt/Notes_2_fl_18_Nocturne.midi
18,Nocturne,3,tpt,data/aligned/URMP/val/18_Nocturne_vn_fl_tpt/Notes_3_tpt_18_Nocturne.txt,data/aligned/URMP/val/18_Nocturne_vn_fl_tpt/Sco_18_Nocturne_vn_fl_tpt.xml,val,n,data/aligned/URMP/val/18_Nocturne_vn_fl_tpt/Notes_3_tpt_18_Nocturne.midi
19,Pavane,1,cl,data/aligned/URMP/test/19_Pavane_cl_vn_vc/Notes_1_cl_19_Pavane.txt,data/aligned/URMP/test/19_Pavane_cl_vn_vc/Sco_19_Pavane_cl_vn_vc.xml,test,y,data/aligned/URMP/test/19_Pavane_cl_vn_vc/Notes_1_cl_19_Pavane.midi
19,Pavane,2,vn,data/aligned/URMP/test/19_Pavane_cl_vn_vc/Notes_2_vn_19_Pavane.txt,data/aligned/URMP/test/19_Pavane_cl_vn_vc/Sco_19_Pavane_cl_vn_vc.xml,test,y,data/aligned/URMP/test/19_Pavane_cl_vn_vc/Notes_2_vn_19_Pavane.midi
19,Pavane,3,vc,data/aligned/URMP/test/19_Pavane_cl_vn_vc/Notes_3_vc_19_Pavane.txt,data/aligned/URMP/test/19_Pavane_cl_vn_vc/Sco_19_Pavane_cl_vn_vc.xml,test,y,data/aligned/URMP/test/19_Pavane_cl_vn_vc/Notes_3_vc_19_Pavane.midi
20,Pavane,1,tpt,data/aligned/URMP/test/20_Pavane_tpt_vn_vc/Notes_1_tpt_20_Pavane.txt,data/aligned/URMP/test/20_Pavane_tpt_vn_vc/Sco_20_Pavane_tpt_vn_vc.xml,test,n,data/aligned/URMP/test/20_Pavane_tpt_vn_vc/Notes_1_tpt_20_Pavane.midi
20,Pavane,2,vn,data/aligned/URMP/test/20_Pavane_tpt_vn_vc/Notes_2_vn_20_Pavane.txt,data/aligned/URMP/test/20_Pavane_tpt_vn_vc/Sco_20_Pavane_tpt_vn_vc.xml,test,y,data/aligned/URMP/test/20_Pavane_tpt_vn_vc/Notes_2_vn_20_Pavane.midi
20,Pavane,3,vc,data/aligned/URMP/test/20_Pavane_tpt_vn_vc/Notes_3_vc_20_Pavane.txt,data/aligned/URMP/test/20_Pavane_tpt_vn_vc/Sco_20_Pavane_tpt_vn_vc.xml,test,y,data/aligned/URMP/test/20_Pavane_tpt_vn_vc/Notes_3_vc_20_Pavane.midi
21,Rejouissance,1,cl,data/aligned/URMP/test/21_Rejouissance_cl_tbn_tba/Notes_1_cl_21_Rejouissance.txt,data/aligned/URMP/test/21_Rejouissance_cl_tbn_tba/Sco_21_Rejouissance_cl_tbn_tba.xml,test,y,data/aligned/URMP/test/21_Rejouissance_cl_tbn_tba/Notes_1_cl_21_Rejouissance.midi
21,Rejouissance,2,tbn,data/aligned/URMP/test/21_Rejouissance_cl_tbn_tba/Notes_2_tbn_21_Rejouissance.txt,data/aligned/URMP/test/21_Rejouissance_cl_tbn_tba/Sco_21_Rejouissance_cl_tbn_tba.xml,test,y,data/aligned/URMP/test/21_Rejouissance_cl_tbn_tba/Notes_2_tbn_21_Rejouissance.midi
21,Rejouissance,3,tba,data/aligned/URMP/test/21_Rejouissance_cl_tbn_tba/Notes_3_tba_21_Rejouissance.txt,data/aligned/URMP/test/21_Rejouissance_cl_tbn_tba/Sco_21_Rejouissance_cl_tbn_tba.xml,test,y,data/aligned/URMP/test/21_Rejouissance_cl_tbn_tba/Notes_3_tba_21_Rejouissance.midi
22,Rejouissance,1,sax,data/aligned/URMP/test/22_Rejouissance_sax_tbn_tba/Notes_1_sax_22_Rejouissance.txt,data/aligned/URMP/test/22_Rejouissance_sax_tbn_tba/Sco_22_Rejouissance_sax_tbn_tba.xml,test,y,data/aligned/URMP/test/22_Rejouissance_sax_tbn_tba/Notes_1_sax_22_Rejouissance.midi
22,Rejouissance,2,tbn,data/aligned/URMP/test/22_Rejouissance_sax_tbn_tba/Notes_2_tbn_22_Rejouissance.txt,data/aligned/URMP/test/22_Rejouissance_sax_tbn_tba/Sco_22_Rejouissance_sax_tbn_tba.xml,test,y,data/aligned/URMP/test/22_Rejouissance_sax_tbn_tba/Notes_2_tbn_22_Rejouissance.midi
22,Rejouissance,3,tba,data/aligned/URMP/test/22_Rejouissance_sax_tbn_tba/Notes_3_tba_22_Rejouissance.txt,data/aligned/URMP/test/22_Rejouissance_sax_tbn_tba/Sco_22_Rejouissance_sax_tbn_tba.xml,test,y,data/aligned/URMP/test/22_Rejouissance_sax_tbn_tba/Notes_3_tba_22_Rejouissance.midi
23,Rejouissance,1,cl,data/aligned/URMP/test/23_Rejouissance_cl_sax_tba/Notes_1_cl_23_Rejouissance.txt,data/aligned/URMP/test/23_Rejouissance_cl_sax_tba/Sco_23_Rejouissance_cl_sax_tba.xml,test,y,data/aligned/URMP/test/23_Rejouissance_cl_sax_tba/Notes_1_cl_23_Rejouissance.midi
23,Rejouissance,2,sax,data/aligned/URMP/test/23_Rejouissance_cl_sax_tba/Notes_2_sax_23_Rejouissance.txt,data/aligned/URMP/test/23_Rejouissance_cl_sax_tba/Sco_23_Rejouissance_cl_sax_tba.xml,test,y,data/aligned/URMP/test/23_Rejouissance_cl_sax_tba/Notes_2_sax_23_Rejouissance.midi
23,Rejouissance,3,tba,data/aligned/URMP/test/23_Rejouissance_cl_sax_tba/Notes_3_tba_23_Rejouissance.txt,data/aligned/URMP/test/23_Rejouissance_cl_sax_tba/Sco_23_Rejouissance_cl_sax_tba.xml,test,y,data/aligned/URMP/test/23_Rejouissance_cl_sax_tba/Notes_3_tba_23_Rejouissance.midi
24,Pirates,1,vn,data/aligned/URMP/test/24_Pirates_vn_vn_va_vc/Notes_1_vn_24_Pirates.txt,data/aligned/URMP/test/24_Pirates_vn_vn_va_vc/Sco_24_Pirates_vn_vn_va_vc.xml,test,y,data/aligned/URMP/test/24_Pirates_vn_vn_va_vc/Notes_1_vn_24_Pirates.midi
24,Pirates,2,vn,data/aligned/URMP/test/24_Pirates_vn_vn_va_vc/Notes_2_vn_24_Pirates.txt,data/aligned/URMP/test/24_Pirates_vn_vn_va_vc/Sco_24_Pirates_vn_vn_va_vc.xml,test,y,data/aligned/URMP/test/24_Pirates_vn_vn_va_vc/Notes_2_vn_24_Pirates.midi
24,Pirates,3,va,data/aligned/URMP/test/24_Pirates_vn_vn_va_vc/Notes_3_va_24_Pirates.txt,data/aligned/URMP/test/24_Pirates_vn_vn_va_vc/Sco_24_Pirates_vn_vn_va_vc.xml,test,y,data/aligned/URMP/test/24_Pirates_vn_vn_va_vc/Notes_3_va_24_Pirates.midi
24,Pirates,4,vc,data/aligned/URMP/test/24_Pirates_vn_vn_va_vc/Notes_4_vc_24_Pirates.txt,data/aligned/URMP/test/24_Pirates_vn_vn_va_vc/Sco_24_Pirates_vn_vn_va_vc.xml,test,y,data/aligned/URMP/test/24_Pirates_vn_vn_va_vc/Notes_4_vc_24_Pirates.midi
25,Pirates,1,vn,data/aligned/URMP/test/25_Pirates_vn_vn_va_sax/Notes_1_vn_25_Pirates.txt,data/aligned/URMP/test/25_Pirates_vn_vn_va_sax/Sco_25_Pirates_vn_vn_va_sax.xml,test,y,data/aligned/URMP/test/25_Pirates_vn_vn_va_sax/Notes_1_vn_25_Pirates.midi
25,Pirates,2,vn,data/aligned/URMP/test/25_Pirates_vn_vn_va_sax/Notes_2_vn_25_Pirates.txt,data/aligned/URMP/test/25_Pirates_vn_vn_va_sax/Sco_25_Pirates_vn_vn_va_sax.xml,test,y,data/aligned/URMP/test/25_Pirates_vn_vn_va_sax/Notes_2_vn_25_Pirates.midi
25,Pirates,3,va,data/aligned/URMP/test/25_Pirates_vn_vn_va_sax/Notes_3_va_25_Pirates.txt,data/aligned/URMP/test/25_Pirates_vn_vn_va_sax/Sco_25_Pirates_vn_vn_va_sax.xml,test,y,data/aligned/URMP/test/25_Pirates_vn_vn_va_sax/Notes_3_va_25_Pirates.midi
25,Pirates,4,sax,data/aligned/URMP/test/25_Pirates_vn_vn_va_sax/Notes_4_sax_25_Pirates.txt,data/aligned/URMP/test/25_Pirates_vn_vn_va_sax/Sco_25_Pirates_vn_vn_va_sax.xml,test,y,data/aligned/URMP/test/25_Pirates_vn_vn_va_sax/Notes_4_sax_25_Pirates.midi
26,King,1,vn,data/aligned/URMP/val/26_King_vn_vn_va_vc/Notes_1_vn_26_King.txt,data/aligned/URMP/val/26_King_vn_vn_va_vc/Sco_26_King_vn_vn_va_vc.xml,val,y,data/aligned/URMP/val/26_King_vn_vn_va_vc/Notes_1_vn_26_King.midi
26,King,2,vn,data/aligned/URMP/val/26_King_vn_vn_va_vc/Notes_2_vn_26_King.txt,data/aligned/URMP/val/26_King_vn_vn_va_vc/Sco_26_King_vn_vn_va_vc.xml,val,n,data/aligned/URMP/val/26_King_vn_vn_va_vc/Notes_2_vn_26_King.midi
26,King,3,va,data/aligned/URMP/val/26_King_vn_vn_va_vc/Notes_3_va_26_King.txt,data/aligned/URMP/val/26_King_vn_vn_va_vc/Sco_26_King_vn_vn_va_vc.xml,val,y,data/aligned/URMP/val/26_King_vn_vn_va_vc/Notes_3_va_26_King.midi
26,King,4,vc,data/aligned/URMP/val/26_King_vn_vn_va_vc/Notes_4_vc_26_King.txt,data/aligned/URMP/val/26_King_vn_vn_va_vc/Sco_26_King_vn_vn_va_vc.xml,val,n,data/aligned/URMP/val/26_King_vn_vn_va_vc/Notes_4_vc_26_King.midi
27,King,1,vn,data/aligned/URMP/val/27_King_vn_vn_va_sax/Notes_1_vn_27_King.txt,data/aligned/URMP/val/27_King_vn_vn_va_sax/Sco_27_King_vn_vn_va_sax.xml,val,y,data/aligned/URMP/val/27_King_vn_vn_va_sax/Notes_1_vn_27_King.midi
27,King,2,vn,data/aligned/URMP/val/27_King_vn_vn_va_sax/Notes_2_vn_27_King.txt,data/aligned/URMP/val/27_King_vn_vn_va_sax/Sco_27_King_vn_vn_va_sax.xml,val,n,data/aligned/URMP/val/27_King_vn_vn_va_sax/Notes_2_vn_27_King.midi
27,King,3,va,data/aligned/URMP/val/27_King_vn_vn_va_sax/Notes_3_va_27_King.txt,data/aligned/URMP/val/27_King_vn_vn_va_sax/Sco_27_King_vn_vn_va_sax.xml,val,y,data/aligned/URMP/val/27_King_vn_vn_va_sax/Notes_3_va_27_King.midi
27,King,4,sax,data/aligned/URMP/val/27_King_vn_vn_va_sax/Notes_4_sax_27_King.txt,data/aligned/URMP/val/27_King_vn_vn_va_sax/Sco_27_King_vn_vn_va_sax.xml,val,n,data/aligned/URMP/val/27_King_vn_vn_va_sax/Notes_4_sax_27_King.midi
28,Fugue,1,fl,data/aligned/URMP/val/28_Fugue_fl_ob_cl_bn/Notes_1_fl_28_Fugue.txt,data/aligned/URMP/val/28_Fugue_fl_ob_cl_bn/Sco_28_Fugue_fl_ob_cl_bn.xml,val,y,data/aligned/URMP/val/28_Fugue_fl_ob_cl_bn/Notes_1_fl_28_Fugue.midi
28,Fugue,2,ob,data/aligned/URMP/val/28_Fugue_fl_ob_cl_bn/Notes_2_ob_28_Fugue.txt,data/aligned/URMP/val/28_Fugue_fl_ob_cl_bn/Sco_28_Fugue_fl_ob_cl_bn.xml,val,y,data/aligned/URMP/val/28_Fugue_fl_ob_cl_bn/Notes_2_ob_28_Fugue.midi
28,Fugue,3,cl,data/aligned/URMP/val/28_Fugue_fl_ob_cl_bn/Notes_3_cl_28_Fugue.txt,data/aligned/URMP/val/28_Fugue_fl_ob_cl_bn/Sco_28_Fugue_fl_ob_cl_bn.xml,val,n,data/aligned/URMP/val/28_Fugue_fl_ob_cl_bn/Notes_3_cl_28_Fugue.midi
28,Fugue,4,bn,data/aligned/URMP/val/28_Fugue_fl_ob_cl_bn/Notes_4_bn_28_Fugue.txt,data/aligned/URMP/val/28_Fugue_fl_ob_cl_bn/Sco_28_Fugue_fl_ob_cl_bn.xml,val,y,data/aligned/URMP/val/28_Fugue_fl_ob_cl_bn/Notes_4_bn_28_Fugue.midi
29,Fugue,1,fl,data/aligned/URMP/val/29_Fugue_fl_fl_ob_cl/Notes_1_fl_29_Fugue.txt,data/aligned/URMP/val/29_Fugue_fl_fl_ob_cl/Sco_29_Fugue_fl_fl_ob_cl.xml,val,n,data/aligned/URMP/val/29_Fugue_fl_fl_ob_cl/Notes_1_fl_29_Fugue.midi
29,Fugue,2,fl,data/aligned/URMP/val/29_Fugue_fl_fl_ob_cl/Notes_2_fl_29_Fugue.txt,data/aligned/URMP/val/29_Fugue_fl_fl_ob_cl/Sco_29_Fugue_fl_fl_ob_cl.xml,val,n,data/aligned/URMP/val/29_Fugue_fl_fl_ob_cl/Notes_2_fl_29_Fugue.midi
29,Fugue,3,ob,data/aligned/URMP/val/29_Fugue_fl_fl_ob_cl/Notes_3_ob_29_Fugue.txt,data/aligned/URMP/val/29_Fugue_fl_fl_ob_cl/Sco_29_Fugue_fl_fl_ob_cl.xml,val,n,data/aligned/URMP/val/29_Fugue_fl_fl_ob_cl/Notes_3_ob_29_Fugue.midi
29,Fugue,4,cl,data/aligned/URMP/val/29_Fugue_fl_fl_ob_cl/Notes_4_cl_29_Fugue.txt,data/aligned/URMP/val/29_Fugue_fl_fl_ob_cl/Sco_29_Fugue_fl_fl_ob_cl.xml,val,n,data/aligned/URMP/val/29_Fugue_fl_fl_ob_cl/Notes_4_cl_29_Fugue.midi
30,Fugue,1,fl,data/aligned/URMP/val/30_Fugue_fl_fl_ob_sax/Notes_1_fl_30_Fugue.txt,data/aligned/URMP/val/30_Fugue_fl_fl_ob_sax/Sco_30_Fugue_fl_fl_ob_sax.xml,val,n,data/aligned/URMP/val/30_Fugue_fl_fl_ob_sax/Notes_1_fl_30_Fugue.midi
30,Fugue,2,fl,data/aligned/URMP/val/30_Fugue_fl_fl_ob_sax/Notes_2_fl_30_Fugue.txt,data/aligned/URMP/val/30_Fugue_fl_fl_ob_sax/Sco_30_Fugue_fl_fl_ob_sax.xml,val,n,data/aligned/URMP/val/30_Fugue_fl_fl_ob_sax/Notes_2_fl_30_Fugue.midi
30,Fugue,3,ob,data/aligned/URMP/val/30_Fugue_fl_fl_ob_sax/Notes_3_ob_30_Fugue.txt,data/aligned/URMP/val/30_Fugue_fl_fl_ob_sax/Sco_30_Fugue_fl_fl_ob_sax.xml,val,n,data/aligned/URMP/val/30_Fugue_fl_fl_ob_sax/Notes_3_ob_30_Fugue.midi
30,Fugue,4,sax,data/aligned/URMP/val/30_Fugue_fl_fl_ob_sax/Notes_4_sax_30_Fugue.txt,data/aligned/URMP/val/30_Fugue_fl_fl_ob_sax/Sco_30_Fugue_fl_fl_ob_sax.xml,val,n,data/aligned/URMP/val/30_Fugue_fl_fl_ob_sax/Notes_4_sax_30_Fugue.midi
31,Slavonic,1,tpt,data/aligned/URMP/test/31_Slavonic_tpt_tpt_hn_tbn/Notes_1_tpt_31_Slavonic.txt,data/aligned/URMP/test/31_Slavonic_tpt_tpt_hn_tbn/Sco_31_Slavonic_tpt_tpt_hn_tbn.xml,test,y,data/aligned/URMP/test/31_Slavonic_tpt_tpt_hn_tbn/Notes_1_tpt_31_Slavonic.midi
31,Slavonic,2,tpt,data/aligned/URMP/test/31_Slavonic_tpt_tpt_hn_tbn/Notes_2_tpt_31_Slavonic.txt,data/aligned/URMP/test/31_Slavonic_tpt_tpt_hn_tbn/Sco_31_Slavonic_tpt_tpt_hn_tbn.xml,test,y,data/aligned/URMP/test/31_Slavonic_tpt_tpt_hn_tbn/Notes_2_tpt_31_Slavonic.midi
31,Slavonic,3,hn,data/aligned/URMP/test/31_Slavonic_tpt_tpt_hn_tbn/Notes_3_hn_31_Slavonic.txt,data/aligned/URMP/test/31_Slavonic_tpt_tpt_hn_tbn/Sco_31_Slavonic_tpt_tpt_hn_tbn.xml,test,y,data/aligned/URMP/test/31_Slavonic_tpt_tpt_hn_tbn/Notes_3_hn_31_Slavonic.midi
31,Slavonic,4,tbn,data/aligned/URMP/test/31_Slavonic_tpt_tpt_hn_tbn/Notes_4_tbn_31_Slavonic.txt,data/aligned/URMP/test/31_Slavonic_tpt_tpt_hn_tbn/Sco_31_Slavonic_tpt_tpt_hn_tbn.xml,test,n,data/aligned/URMP/test/31_Slavonic_tpt_tpt_hn_tbn/Notes_4_tbn_31_Slavonic.midi
32,Fugue,1,vn,data/aligned/URMP/val/32_Fugue_vn_vn_va_vc/Notes_1_vn_32_Fugue.txt,data/aligned/URMP/val/32_Fugue_vn_vn_va_vc/Sco_32_Fugue_vn_vn_va_vc.xml,val,n,data/aligned/URMP/val/32_Fugue_vn_vn_va_vc/Notes_1_vn_32_Fugue.midi
32,Fugue,2,vn,data/aligned/URMP/val/32_Fugue_vn_vn_va_vc/Notes_2_vn_32_Fugue.txt,data/aligned/URMP/val/32_Fugue_vn_vn_va_vc/Sco_32_Fugue_vn_vn_va_vc.xml,val,n,data/aligned/URMP/val/32_Fugue_vn_vn_va_vc/Notes_2_vn_32_Fugue.midi
32,Fugue,3,va,data/aligned/URMP/val/32_Fugue_vn_vn_va_vc/Notes_3_va_32_Fugue.txt,data/aligned/URMP/val/32_Fugue_vn_vn_va_vc/Sco_32_Fugue_vn_vn_va_vc.xml,val,n,data/aligned/URMP/val/32_Fugue_vn_vn_va_vc/Notes_3_va_32_Fugue.midi
32,Fugue,4,vc,data/aligned/URMP/val/32_Fugue_vn_vn_va_vc/Notes_4_vc_32_Fugue.txt,data/aligned/URMP/val/32_Fugue_vn_vn_va_vc/Sco_32_Fugue_vn_vn_va_vc.xml,val,y,data/aligned/URMP/val/32_Fugue_vn_vn_va_vc/Notes_4_vc_32_Fugue.midi
33,Elise,1,tpt,data/aligned/URMP/test/33_Elise_tpt_tpt_hn_tbn/Notes_1_tpt_33_Elise.txt,data/aligned/URMP/test/33_Elise_tpt_tpt_hn_tbn/Sco_33_Elise_tpt_tpt_hn_tbn.xml,test,n,data/aligned/URMP/test/33_Elise_tpt_tpt_hn_tbn/Notes_1_tpt_33_Elise.midi
33,Elise,2,tpt,data/aligned/URMP/test/33_Elise_tpt_tpt_hn_tbn/Notes_2_tpt_33_Elise.txt,data/aligned/URMP/test/33_Elise_tpt_tpt_hn_tbn/Sco_33_Elise_tpt_tpt_hn_tbn.xml,test,n,data/aligned/URMP/test/33_Elise_tpt_tpt_hn_tbn/Notes_2_tpt_33_Elise.midi
33,Elise,3,hn,data/aligned/URMP/test/33_Elise_tpt_tpt_hn_tbn/Notes_3_hn_33_Elise.txt,data/aligned/URMP/test/33_Elise_tpt_tpt_hn_tbn/Sco_33_Elise_tpt_tpt_hn_tbn.xml,test,y,data/aligned/URMP/test/33_Elise_tpt_tpt_hn_tbn/Notes_3_hn_33_Elise.midi
33,Elise,4,tbn,data/aligned/URMP/test/33_Elise_tpt_tpt_hn_tbn/Notes_4_tbn_33_Elise.txt,data/aligned/URMP/test/33_Elise_tpt_tpt_hn_tbn/Sco_33_Elise_tpt_tpt_hn_tbn.xml,test,n,data/aligned/URMP/test/33_Elise_tpt_tpt_hn_tbn/Notes_4_tbn_33_Elise.midi
34,Fugue,1,tpt,data/aligned/URMP/val/34_Fugue_tpt_tpt_hn_tbn/Notes_1_tpt_34_Fugue.txt,data/aligned/URMP/val/34_Fugue_tpt_tpt_hn_tbn/Sco_34_Fugue_tpt_tpt_hn_tbn.xml,val,n,data/aligned/URMP/val/34_Fugue_tpt_tpt_hn_tbn/Notes_1_tpt_34_Fugue.midi
34,Fugue,2,tpt,data/aligned/URMP/val/34_Fugue_tpt_tpt_hn_tbn/Notes_2_tpt_34_Fugue.txt,data/aligned/URMP/val/34_Fugue_tpt_tpt_hn_tbn/Sco_34_Fugue_tpt_tpt_hn_tbn.xml,val,n,data/aligned/URMP/val/34_Fugue_tpt_tpt_hn_tbn/Notes_2_tpt_34_Fugue.midi
34,Fugue,3,hn,data/aligned/URMP/val/34_Fugue_tpt_tpt_hn_tbn/Notes_3_hn_34_Fugue.txt,data/aligned/URMP/val/34_Fugue_tpt_tpt_hn_tbn/Sco_34_Fugue_tpt_tpt_hn_tbn.xml,val,n,data/aligned/URMP/val/34_Fugue_tpt_tpt_hn_tbn/Notes_3_hn_34_Fugue.midi
34,Fugue,4,tbn,data/aligned/URMP/val/34_Fugue_tpt_tpt_hn_tbn/Notes_4_tbn_34_Fugue.txt,data/aligned/URMP/val/34_Fugue_tpt_tpt_hn_tbn/Sco_34_Fugue_tpt_tpt_hn_tbn.xml,val,n,data/aligned/URMP/val/34_Fugue_tpt_tpt_hn_tbn/Notes_4_tbn_34_Fugue.midi
35,Rondeau,1,vn,data/aligned/URMP/test/35_Rondeau_vn_vn_va_db/Notes_1_vn_35_Rondeau.txt,data/aligned/URMP/test/35_Rondeau_vn_vn_va_db/Sco_35_Rondeau_vn_vn_va_db.xml,test,y,data/aligned/URMP/test/35_Rondeau_vn_vn_va_db/Notes_1_vn_35_Rondeau.midi
35,Rondeau,2,vn,data/aligned/URMP/test/35_Rondeau_vn_vn_va_db/Notes_2_vn_35_Rondeau.txt,data/aligned/URMP/test/35_Rondeau_vn_vn_va_db/Sco_35_Rondeau_vn_vn_va_db.xml,test,y,data/aligned/URMP/test/35_Rondeau_vn_vn_va_db/Notes_2_vn_35_Rondeau.midi
35,Rondeau,3,va,data/aligned/URMP/test/35_Rondeau_vn_vn_va_db/Notes_3_va_35_Rondeau.txt,data/aligned/URMP/test/35_Rondeau_vn_vn_va_db/Sco_35_Rondeau_vn_vn_va_db.xml,test,y,data/aligned/URMP/test/35_Rondeau_vn_vn_va_db/Notes_3_va_35_Rondeau.midi
35,Rondeau,4,db,data/aligned/URMP/test/35_Rondeau_vn_vn_va_db/Notes_4_db_35_Rondeau.txt,data/aligned/URMP/test/35_Rondeau_vn_vn_va_db/Sco_35_Rondeau_vn_vn_va_db.xml,test,n,data/aligned/URMP/test/35_Rondeau_vn_vn_va_db/Notes_4_db_35_Rondeau.midi
36,Rondeau,1,vn,data/aligned/URMP/test/36_Rondeau_vn_vn_va_vc/Notes_1_vn_36_Rondeau.txt,data/aligned/URMP/test/36_Rondeau_vn_vn_va_vc/Sco_36_Rondeau_vn_vn_va_vc.xml,test,y,data/aligned/URMP/test/36_Rondeau_vn_vn_va_vc/Notes_1_vn_36_Rondeau.midi
36,Rondeau,2,vn,data/aligned/URMP/test/36_Rondeau_vn_vn_va_vc/Notes_2_vn_36_Rondeau.txt,data/aligned/URMP/test/36_Rondeau_vn_vn_va_vc/Sco_36_Rondeau_vn_vn_va_vc.xml,test,y,data/aligned/URMP/test/36_Rondeau_vn_vn_va_vc/Notes_2_vn_36_Rondeau.midi
36,Rondeau,3,va,data/aligned/URMP/test/36_Rondeau_vn_vn_va_vc/Notes_3_va_36_Rondeau.txt,data/aligned/URMP/test/36_Rondeau_vn_vn_va_vc/Sco_36_Rondeau_vn_vn_va_vc.xml,test,n,data/aligned/URMP/test/36_Rondeau_vn_vn_va_vc/Notes_3_va_36_Rondeau.midi
36,Rondeau,4,vc,data/aligned/URMP/test/36_Rondeau_vn_vn_va_vc/Notes_4_vc_36_Rondeau.txt,data/aligned/URMP/test/36_Rondeau_vn_vn_va_vc/Sco_36_Rondeau_vn_vn_va_vc.xml,test,y,data/aligned/URMP/test/36_Rondeau_vn_vn_va_vc/Notes_4_vc_36_Rondeau.midi
37,Rondeau,1,fl,data/aligned/URMP/test/37_Rondeau_fl_vn_va_cl/Notes_1_fl_37_Rondeau.txt,data/aligned/URMP/test/37_Rondeau_fl_vn_va_cl/Sco_37_Rondeau_fl_vn_va_cl.xml,test,y,data/aligned/URMP/test/37_Rondeau_fl_vn_va_cl/Notes_1_fl_37_Rondeau.midi
37,Rondeau,2,vn,data/aligned/URMP/test/37_Rondeau_fl_vn_va_cl/Notes_2_vn_37_Rondeau.txt,data/aligned/URMP/test/37_Rondeau_fl_vn_va_cl/Sco_37_Rondeau_fl_vn_va_cl.xml,test,y,data/aligned/URMP/test/37_Rondeau_fl_vn_va_cl/Notes_2_vn_37_Rondeau.midi
37,Rondeau,3,va,data/aligned/URMP/test/37_Rondeau_fl_vn_va_cl/Notes_3_va_37_Rondeau.txt,data/aligned/URMP/test/37_Rondeau_fl_vn_va_cl/Sco_37_Rondeau_fl_vn_va_cl.xml,test,n,data/aligned/URMP/test/37_Rondeau_fl_vn_va_cl/Notes_3_va_37_Rondeau.midi
37,Rondeau,4,cl,data/aligned/URMP/test/37_Rondeau_fl_vn_va_cl/Notes_4_cl_37_Rondeau.txt,data/aligned/URMP/test/37_Rondeau_fl_vn_va_cl/Sco_37_Rondeau_fl_vn_va_cl.xml,test,n,data/aligned/URMP/test/37_Rondeau_fl_vn_va_cl/Notes_4_cl_37_Rondeau.midi
38,Jerusalem,1,vn,data/aligned/URMP/test/38_Jerusalem_vn_vn_va_vc_db/Notes_1_vn_38_Jerusalem.txt,data/aligned/URMP/test/38_Jerusalem_vn_vn_va_vc_db/Sco_38_Jerusalem_vn_vn_va_vc_db.xml,test,n,data/aligned/URMP/test/38_Jerusalem_vn_vn_va_vc_db/Notes_1_vn_38_Jerusalem.midi
38,Jerusalem,2,vn,data/aligned/URMP/test/38_Jerusalem_vn_vn_va_vc_db/Notes_2_vn_38_Jerusalem.txt,data/aligned/URMP/test/38_Jerusalem_vn_vn_va_vc_db/Sco_38_Jerusalem_vn_vn_va_vc_db.xml,test,n,data/aligned/URMP/test/38_Jerusalem_vn_vn_va_vc_db/Notes_2_vn_38_Jerusalem.midi
38,Jerusalem,3,va,data/aligned/URMP/test/38_Jerusalem_vn_vn_va_vc_db/Notes_3_va_38_Jerusalem.txt,data/aligned/URMP/test/38_Jerusalem_vn_vn_va_vc_db/Sco_38_Jerusalem_vn_vn_va_vc_db.xml,test,n,data/aligned/URMP/test/38_Jerusalem_vn_vn_va_vc_db/Notes_3_va_38_Jerusalem.midi
38,Jerusalem,4,vc,data/aligned/URMP/test/38_Jerusalem_vn_vn_va_vc_db/Notes_4_vc_38_Jerusalem.txt,data/aligned/URMP/test/38_Jerusalem_vn_vn_va_vc_db/Sco_38_Jerusalem_vn_vn_va_vc_db.xml,test,y,data/aligned/URMP/test/38_Jerusalem_vn_vn_va_vc_db/Notes_4_vc_38_Jerusalem.midi
38,Jerusalem,5,db,data/aligned/URMP/test/38_Jerusalem_vn_vn_va_vc_db/Notes_5_db_38_Jerusalem.txt,data/aligned/URMP/test/38_Jerusalem_vn_vn_va_vc_db/Sco_38_Jerusalem_vn_vn_va_vc_db.xml,test,n,data/aligned/URMP/test/38_Jerusalem_vn_vn_va_vc_db/Notes_5_db_38_Jerusalem.midi
39,Jerusalem,1,vn,data/aligned/URMP/test/39_Jerusalem_vn_vn_va_sax_db/Notes_1_vn_39_Jerusalem.txt,data/aligned/URMP/test/39_Jerusalem_vn_vn_va_sax_db/Sco_39_Jerusalem_vn_vn_va_sax_db.xml,test,n,data/aligned/URMP/test/39_Jerusalem_vn_vn_va_sax_db/Notes_1_vn_39_Jerusalem.midi
39,Jerusalem,2,vn,data/aligned/URMP/test/39_Jerusalem_vn_vn_va_sax_db/Notes_2_vn_39_Jerusalem.txt,data/aligned/URMP/test/39_Jerusalem_vn_vn_va_sax_db/Sco_39_Jerusalem_vn_vn_va_sax_db.xml,test,n,data/aligned/URMP/test/39_Jerusalem_vn_vn_va_sax_db/Notes_2_vn_39_Jerusalem.midi
39,Jerusalem,3,va,data/aligned/URMP/test/39_Jerusalem_vn_vn_va_sax_db/Notes_3_va_39_Jerusalem.txt,data/aligned/URMP/test/39_Jerusalem_vn_vn_va_sax_db/Sco_39_Jerusalem_vn_vn_va_sax_db.xml,test,n,data/aligned/URMP/test/39_Jerusalem_vn_vn_va_sax_db/Notes_3_va_39_Jerusalem.midi
39,Jerusalem,4,sax,data/aligned/URMP/test/39_Jerusalem_vn_vn_va_sax_db/Notes_4_sax_39_Jerusalem.txt,data/aligned/URMP/test/39_Jerusalem_vn_vn_va_sax_db/Sco_39_Jerusalem_vn_vn_va_sax_db.xml,test,n,data/aligned/URMP/test/39_Jerusalem_vn_vn_va_sax_db/Notes_4_sax_39_Jerusalem.midi
39,Jerusalem,5,db,data/aligned/URMP/test/39_Jerusalem_vn_vn_va_sax_db/Notes_5_db_39_Jerusalem.txt,data/aligned/URMP/test/39_Jerusalem_vn_vn_va_sax_db/Sco_39_Jerusalem_vn_vn_va_sax_db.xml,test,n,data/aligned/URMP/test/39_Jerusalem_vn_vn_va_sax_db/Notes_5_db_39_Jerusalem.midi
40,Miserere,1,fl,data/aligned/URMP/test/40_Miserere_fl_fl_ob_cl_bn/Notes_1_fl_40_Miserere.txt,data/aligned/URMP/test/40_Miserere_fl_fl_ob_cl_bn/Sco_40_Miserere_fl_fl_ob_cl_bn.xml,test,n,data/aligned/URMP/test/40_Miserere_fl_fl_ob_cl_bn/Notes_1_fl_40_Miserere.midi
40,Miserere,2,fl,data/aligned/URMP/test/40_Miserere_fl_fl_ob_cl_bn/Notes_2_fl_40_Miserere.txt,data/aligned/URMP/test/40_Miserere_fl_fl_ob_cl_bn/Sco_40_Miserere_fl_fl_ob_cl_bn.xml,test,y,data/aligned/URMP/test/40_Miserere_fl_fl_ob_cl_bn/Notes_2_fl_40_Miserere.midi
40,Miserere,3,ob,data/aligned/URMP/test/40_Miserere_fl_fl_ob_cl_bn/Notes_3_ob_40_Miserere.txt,data/aligned/URMP/test/40_Miserere_fl_fl_ob_cl_bn/Sco_40_Miserere_fl_fl_ob_cl_bn.xml,test,n,data/aligned/URMP/test/40_Miserere_fl_fl_ob_cl_bn/Notes_3_ob_40_Miserere.midi
40,Miserere,4,cl,data/aligned/URMP/test/40_Miserere_fl_fl_ob_cl_bn/Notes_4_cl_40_Miserere.txt,data/aligned/URMP/test/40_Miserere_fl_fl_ob_cl_bn/Sco_40_Miserere_fl_fl_ob_cl_bn.xml,test,n,data/aligned/URMP/test/40_Miserere_fl_fl_ob_cl_bn/Notes_4_cl_40_Miserere.midi
40,Miserere,5,bn,data/aligned/URMP/test/40_Miserere_fl_fl_ob_cl_bn/Notes_5_bn_40_Miserere.txt,data/aligned/URMP/test/40_Miserere_fl_fl_ob_cl_bn/Sco_40_Miserere_fl_fl_ob_cl_bn.xml,test,y,data/aligned/URMP/test/40_Miserere_fl_fl_ob_cl_bn/Notes_5_bn_40_Miserere.midi
41,Miserere,1,fl,data/aligned/URMP/test/41_Miserere_fl_fl_ob_sax_bn/Notes_1_fl_41_Miserere.txt,data/aligned/URMP/test/41_Miserere_fl_fl_ob_sax_bn/Sco_41_Miserere_fl_fl_ob_sax_bn.xml,test,n,data/aligned/URMP/test/41_Miserere_fl_fl_ob_sax_bn/Notes_1_fl_41_Miserere.midi
41,Miserere,2,fl,data/aligned/URMP/test/41_Miserere_fl_fl_ob_sax_bn/Notes_2_fl_41_Miserere.txt,data/aligned/URMP/test/41_Miserere_fl_fl_ob_sax_bn/Sco_41_Miserere_fl_fl_ob_sax_bn.xml,test,y,data/aligned/URMP/test/41_Miserere_fl_fl_ob_sax_bn/Notes_2_fl_41_Miserere.midi
41,Miserere,3,ob,data/aligned/URMP/test/41_Miserere_fl_fl_ob_sax_bn/Notes_3_ob_41_Miserere.txt,data/aligned/URMP/test/41_Miserere_fl_fl_ob_sax_bn/Sco_41_Miserere_fl_fl_ob_sax_bn.xml,test,n,data/aligned/URMP/test/41_Miserere_fl_fl_ob_sax_bn/Notes_3_ob_41_Miserere.midi
41,Miserere,4,sax,data/aligned/URMP/test/41_Miserere_fl_fl_ob_sax_bn/Notes_4_sax_41_Miserere.txt,data/aligned/URMP/test/41_Miserere_fl_fl_ob_sax_bn/Sco_41_Miserere_fl_fl_ob_sax_bn.xml,test,n,data/aligned/URMP/test/41_Miserere_fl_fl_ob_sax_bn/Notes_4_sax_41_Miserere.midi
41,Miserere,5,bn,data/aligned/URMP/test/41_Miserere_fl_fl_ob_sax_bn/Notes_5_bn_41_Miserere.txt,data/aligned/URMP/test/41_Miserere_fl_fl_ob_sax_bn/Sco_41_Miserere_fl_fl_ob_sax_bn.xml,test,y,data/aligned/URMP/test/41_Miserere_fl_fl_ob_sax_bn/Notes_5_bn_41_Miserere.midi
42,Arioso,1,tpt,data/aligned/URMP/test/42_Arioso_tpt_tpt_hn_tbn_tba/Notes_1_tpt_42_Arioso.txt,data/aligned/URMP/test/42_Arioso_tpt_tpt_hn_tbn_tba/Sco_42_Arioso_tpt_tpt_hn_tbn_tba.xml,test,n,data/aligned/URMP/test/42_Arioso_tpt_tpt_hn_tbn_tba/Notes_1_tpt_42_Arioso.midi
42,Arioso,2,tpt,data/aligned/URMP/test/42_Arioso_tpt_tpt_hn_tbn_tba/Notes_2_tpt_42_Arioso.txt,data/aligned/URMP/test/42_Arioso_tpt_tpt_hn_tbn_tba/Sco_42_Arioso_tpt_tpt_hn_tbn_tba.xml,test,n,data/aligned/URMP/test/42_Arioso_tpt_tpt_hn_tbn_tba/Notes_2_tpt_42_Arioso.midi
42,Arioso,3,hn,data/aligned/URMP/test/42_Arioso_tpt_tpt_hn_tbn_tba/Notes_3_hn_42_Arioso.txt,data/aligned/URMP/test/42_Arioso_tpt_tpt_hn_tbn_tba/Sco_42_Arioso_tpt_tpt_hn_tbn_tba.xml,test,y,data/aligned/URMP/test/42_Arioso_tpt_tpt_hn_tbn_tba/Notes_3_hn_42_Arioso.midi
42,Arioso,4,tbn,data/aligned/URMP/test/42_Arioso_tpt_tpt_hn_tbn_tba/Notes_4_tbn_42_Arioso.txt,data/aligned/URMP/test/42_Arioso_tpt_tpt_hn_tbn_tba/Sco_42_Arioso_tpt_tpt_hn_tbn_tba.xml,test,n,data/aligned/URMP/test/42_Arioso_tpt_tpt_hn_tbn_tba/Notes_4_tbn_42_Arioso.midi
42,Arioso,5,tba,data/aligned/URMP/test/42_Arioso_tpt_tpt_hn_tbn_tba/Notes_5_tba_42_Arioso.txt,data/aligned/URMP/test/42_Arioso_tpt_tpt_hn_tbn_tba/Sco_42_Arioso_tpt_tpt_hn_tbn_tba.xml,test,y,data/aligned/URMP/test/42_Arioso_tpt_tpt_hn_tbn_tba/Notes_5_tba_42_Arioso.midi
43,Chorale,1,tpt,data/aligned/URMP/val/43_Chorale_tpt_tpt_hn_tbn_tba/Notes_1_tpt_43_Chorale.txt,data/aligned/URMP/val/43_Chorale_tpt_tpt_hn_tbn_tba/Sco_43_Chorale_tpt_tpt_hn_tbn_tba.xml,val,n,data/aligned/URMP/val/43_Chorale_tpt_tpt_hn_tbn_tba/Notes_1_tpt_43_Chorale.midi
43,Chorale,2,tpt,data/aligned/URMP/val/43_Chorale_tpt_tpt_hn_tbn_tba/Notes_2_tpt_43_Chorale.txt,data/aligned/URMP/val/43_Chorale_tpt_tpt_hn_tbn_tba/Sco_43_Chorale_tpt_tpt_hn_tbn_tba.xml,val,n,data/aligned/URMP/val/43_Chorale_tpt_tpt_hn_tbn_tba/Notes_2_tpt_43_Chorale.midi
43,Chorale,3,hn,data/aligned/URMP/val/43_Chorale_tpt_tpt_hn_tbn_tba/Notes_3_hn_43_Chorale.txt,data/aligned/URMP/val/43_Chorale_tpt_tpt_hn_tbn_tba/Sco_43_Chorale_tpt_tpt_hn_tbn_tba.xml,val,n,data/aligned/URMP/val/43_Chorale_tpt_tpt_hn_tbn_tba/Notes_3_hn_43_Chorale.midi
43,Chorale,4,tbn,data/aligned/URMP/val/43_Chorale_tpt_tpt_hn_tbn_tba/Notes_4_tbn_43_Chorale.txt,data/aligned/URMP/val/43_Chorale_tpt_tpt_hn_tbn_tba/Sco_43_Chorale_tpt_tpt_hn_tbn_tba.xml,val,y,data/aligned/URMP/val/43_Chorale_tpt_tpt_hn_tbn_tba/Notes_4_tbn_43_Chorale.midi
43,Chorale,5,tba,data/aligned/URMP/val/43_Chorale_tpt_tpt_hn_tbn_tba/Notes_5_tba_43_Chorale.txt,data/aligned/URMP/val/43_Chorale_tpt_tpt_hn_tbn_tba/Sco_43_Chorale_tpt_tpt_hn_tbn_tba.xml,val,y,data/aligned/URMP/val/43_Chorale_tpt_tpt_hn_tbn_tba/Notes_5_tba_43_Chorale.midi
44,K515,1,vn,data/aligned/URMP/test/44_K515_vn_vn_va_va_vc/Notes_1_vn_44_K515.txt,data/aligned/URMP/test/44_K515_vn_vn_va_va_vc/Sco_44_K515_vn_vn_va_va_vc.xml,test,y,data/aligned/URMP/test/44_K515_vn_vn_va_va_vc/Notes_1_vn_44_K515.midi
44,K515,2,vn,data/aligned/URMP/test/44_K515_vn_vn_va_va_vc/Notes_2_vn_44_K515.txt,data/aligned/URMP/test/44_K515_vn_vn_va_va_vc/Sco_44_K515_vn_vn_va_va_vc.xml,test,n,data/aligned/URMP/test/44_K515_vn_vn_va_va_vc/Notes_2_vn_44_K515.midi
44,K515,3,va,data/aligned/URMP/test/44_K515_vn_vn_va_va_vc/Notes_3_va_44_K515.txt,data/aligned/URMP/test/44_K515_vn_vn_va_va_vc/Sco_44_K515_vn_vn_va_va_vc.xml,test,y,data/aligned/URMP/test/44_K515_vn_vn_va_va_vc/Notes_3_va_44_K515.midi
44,K515,4,va,data/aligned/URMP/test/44_K515_vn_vn_va_va_vc/Notes_4_va_44_K515.txt,data/aligned/URMP/test/44_K515_vn_vn_va_va_vc/Sco_44_K515_vn_vn_va_va_vc.xml,test,y,data/aligned/URMP/test/44_K515_vn_vn_va_va_vc/Notes_4_va_44_K515.midi
44,K515,5,vc,data/aligned/URMP/test/44_K515_vn_vn_va_va_vc/Notes_5_vc_44_K515.txt,data/aligned/URMP/test/44_K515_vn_vn_va_va_vc/Sco_44_K515_vn_vn_va_va_vc.xml,test,y,data/aligned/URMP/test/44_K515_vn_vn_va_va_vc/Notes_5_vc_44_K515.midi
